"crisis_code","where","iso3","year","era","candidate","r","log_lagged_gdppc","polity","currency_regime","exp","debt","gap_sum","guarantees_d","lending_d","capital_injections_d","restructuring_d","asset_management_d","rules_d","noi_d","other_d","chron_bvx","chron_lv","chron_rr","chron_st","n_chronologies","n_chron_clean","n_chron_3chron","n_chron_3chron_raw","maddison_priority","currency_regime_binary"
"ITA-1257","Genoa","ITA",1257,"pre1800",1,0,NA,NA,NA,NA,NA,NA,0,0,0,1,0,0,0,1,0,0,0,0,0,0,0,0,1,NA
"GBR-1290","England","GBR",1290,"pre1800",1,0,NA,NA,NA,NA,NA,0.396649546391224,0,1,0,0,0,0,0,0,0,0,0,0,0,0,0,0,1,NA
"ITA-1298","Siena","ITA",1298,"pre1800",1,0,NA,NA,NA,NA,NA,NA,0,0,0,0,0,0,1,0,0,0,0,0,0,0,0,0,1,NA
"ESP-1299","Barcelona","ESP",1299,"pre1800",1,0,NA,NA,NA,NA,NA,0.0779472843623996,1,0,0,0,0,1,0,0,0,0,0,0,0,0,0,0,1,NA
"ITA-1307","Siena","ITA",1307,"pre1800",1,0,NA,NA,NA,NA,NA,NA,1,0,0,0,0,1,0,0,0,0,0,0,0,0,0,0,1,NA
"BEL-1309","Bruges","BEL",1309,"pre1800",1,0,NA,NA,NA,NA,NA,NA,1,0,0,0,0,0,0,0,0,0,0,0,0,0,0,0,0,NA
"ITA-1309","Florence","ITA",1309,"pre1800",1,0,NA,NA,NA,NA,NA,NA,0,0,1,0,1,0,0,0,0,0,0,0,0,0,0,0,1,NA
"ITA-1312","Siena","ITA",1312,"pre1800",1,0,NA,NA,NA,NA,NA,NA,0,0,0,0,0,1,0,0,0,0,0,0,0,0,0,0,1,NA
"ITA-1326","Florence","ITA",1326,"pre1800",1,0,NA,NA,NA,NA,NA,-0.192227148621713,0,0,0,1,0,1,0,0,0,0,0,0,0,0,0,0,1,NA
"ITA-1342","Florence","ITA",1342,"pre1800",1,0,NA,NA,NA,NA,NA,-0.534511409721203,0,0,0,0,0,1,0,0,0,0,0,0,0,0,0,0,1,NA
"BEL-1351","Bruges","BEL",1351,"pre1800",1,0,NA,NA,NA,NA,NA,NA,1,0,0,0,0,0,0,0,0,0,0,0,0,0,0,0,0,NA
"BEL-1359","Bruges","BEL",1359,"pre1800",1,0,NA,NA,NA,NA,NA,NA,1,0,0,0,0,0,0,0,0,0,0,0,0,0,0,0,0,NA
"ESP-1360","Barcelona","ESP",1360,"pre1800",1,0,NA,NA,NA,NA,NA,-0.0911787669811507,0,1,0,1,0,0,0,0,0,0,0,0,0,0,0,0,1,NA
"BEL-1362","Bruges","BEL",1362,"pre1800",1,0,NA,NA,NA,NA,NA,NA,1,0,0,0,0,0,0,0,0,0,0,0,0,0,0,0,0,NA
"BEL-1368","Bruges","BEL",1368,"pre1800",1,0,NA,NA,NA,NA,NA,NA,1,0,0,0,0,0,0,0,0,0,0,0,0,0,0,0,0,NA
"ITA-1370","Venice","ITA",1370,"pre1800",1,0,NA,NA,NA,NA,NA,-0.899764629987794,1,0,0,0,0,0,0,1,0,0,0,0,0,0,0,0,1,NA
"ITA-1374","Venice","ITA",1374,"pre1800",1,0,NA,NA,NA,NA,NA,0.265166459388538,0,0,0,1,0,0,0,0,0,0,0,0,0,0,0,0,1,NA
"ESP-1380","Catalonia","ESP",1380,"pre1800",1,0,NA,NA,NA,NA,NA,0.38381055454232,0,0,0,0,0,1,0,0,0,0,0,0,0,0,0,0,1,NA
"BEL-1411","Bruges","BEL",1411,"pre1800",1,0,NA,NA,NA,NA,NA,NA,1,0,0,0,0,0,0,0,0,0,0,0,0,0,0,0,0,NA
"ITA-1453","Venice","ITA",1453,"pre1800",1,0,NA,NA,NA,NA,NA,-0.355741951164958,0,1,0,0,0,1,0,0,0,0,0,0,0,0,0,0,1,NA
"ITA-1465","Florence","ITA",1465,"pre1800",1,0,NA,NA,NA,NA,NA,0.29875936809642,0,1,0,0,0,0,0,0,0,0,0,0,0,0,0,0,1,NA
"ITA-1466","Naples","ITA",1466,"pre1800",1,0,NA,NA,NA,NA,NA,0.421257415488862,1,0,0,0,0,0,0,0,0,0,0,0,0,0,0,0,1,NA
"ITA-1478","Florence","ITA",1478,"pre1800",1,0,NA,NA,NA,NA,NA,0.337018499898961,0,1,0,0,0,0,0,0,0,0,0,0,0,0,0,0,1,NA
"NLD-1480","Amsterdam","NLD",1480,"pre1800",1,0,NA,NA,NA,NA,NA,-0.0243696171820923,1,0,0,0,0,0,0,0,0,0,0,0,0,0,0,0,1,NA
"FRA-1490","Lyon","FRA",1490,"pre1800",1,0,NA,NA,NA,NA,NA,0.35935327853299,1,0,0,0,0,0,0,0,0,0,0,0,0,0,0,0,1,NA
"ITA-1499","Venice","ITA",1499,"pre1800",1,0,NA,NA,NA,NA,NA,-0.160883037312619,1,1,0,1,0,1,0,0,0,0,0,0,0,0,0,0,1,NA
"ITA-1514","Sicily","ITA",1514,"pre1800",1,0,NA,NA,NA,NA,NA,-0.178308898543425,1,0,0,0,0,0,0,0,0,0,0,0,0,0,0,0,1,NA
"ITA-1518","Florence","ITA",1518,"pre1800",1,0,NA,NA,NA,NA,NA,-0.546719851385112,0,0,0,0,0,0,0,1,0,0,0,0,0,0,0,0,1,NA
"DEU-1529","Augsburg","DEU",1529,"pre1800",1,0,NA,NA,NA,NA,NA,-0.057313400837435,0,0,0,1,0,0,0,0,0,0,0,0,0,0,0,0,1,NA
"ITA-1550","Sicily","ITA",1550,"pre1800",1,0,NA,NA,NA,NA,NA,-0.0792581703805677,0,0,0,0,0,0,0,1,0,0,0,0,0,0,0,0,1,NA
"ITA-1552","Naples","ITA",1552,"pre1800",1,0,NA,NA,NA,NA,NA,-0.0145554134398977,0,0,0,0,0,1,0,1,0,0,0,0,0,0,0,0,1,NA
"ESP-1553","Sevilla","ESP",1553,"pre1800",1,0,NA,NA,NA,NA,NA,-0.205837248422444,1,0,0,0,0,0,0,0,0,0,0,0,0,0,0,0,1,NA
"DEU-1564","Augsburg","DEU",1564,"pre1800",1,0,NA,NA,NA,NA,NA,0.0572351696429213,0,0,0,1,0,0,0,0,0,0,0,0,0,0,0,0,1,NA
"GBR-1564","England","GBR",1564,"pre1800",1,0,NA,NA,NA,NA,NA,-0.0850282849824676,0,0,0,0,0,1,0,0,0,0,0,0,0,0,0,0,1,NA
"GBR-1569","England","GBR",1569,"pre1800",1,0,NA,NA,NA,NA,NA,-0.383464092318211,0,1,0,0,0,0,0,0,0,0,0,0,0,0,0,0,1,NA
"DEU-1572","Augsburg","DEU",1572,"pre1800",1,0,NA,NA,NA,NA,NA,0.292252316592694,0,1,0,1,0,1,0,1,0,0,0,0,0,0,0,0,1,NA
"ESP-1576","Seville","ESP",1576,"pre1800",1,0,NA,NA,NA,NA,NA,-0.352671754581808,1,0,0,0,0,0,0,0,0,0,0,0,0,0,0,0,1,NA
"ITA-1576","Venice","ITA",1576,"pre1800",1,0,NA,NA,NA,NA,NA,-0.0302629128809707,0,1,0,0,0,0,0,0,0,0,0,0,0,0,0,0,1,NA
"ITA-1583","Bologna","ITA",1583,"pre1800",1,0,NA,NA,NA,NA,NA,0.0689994561937412,0,0,0,1,0,0,0,0,0,0,0,0,0,0,0,0,1,NA
"ITA-1584","Venice","ITA",1584,"pre1800",1,0,NA,NA,NA,NA,NA,-0.104499585335782,1,0,0,1,0,0,0,0,0,0,0,0,0,0,0,0,1,NA
"ITA-1588","Rome","ITA",1588,"pre1800",1,0,NA,NA,NA,NA,NA,-0.224248178991923,0,1,0,0,0,0,0,0,0,0,0,0,0,0,0,0,1,NA
"ESP-1594","Seville","ESP",1594,"pre1800",1,0,NA,NA,NA,NA,NA,-0.0978661548591803,0,0,0,0,0,1,0,0,0,0,0,0,0,0,0,0,1,NA
"ITA-1595","Bologna","ITA",1595,"pre1800",1,0,NA,NA,NA,NA,NA,-0.0384955055355771,0,1,0,0,0,1,0,0,0,0,0,0,0,0,0,0,1,NA
"ITA-1597","Tuscany","ITA",1597,"pre1800",1,0,NA,NA,NA,NA,NA,0.347999871117353,0,1,0,0,0,1,0,0,0,0,0,0,0,0,0,0,1,NA
"DEU-1603","Nuremberg","DEU",1603,"pre1800",1,0,NA,NA,NA,NA,NA,0.0766234946518925,0,1,0,0,0,0,0,0,0,0,0,0,0,0,0,0,1,NA
"DEU-1613","Augsburg","DEU",1613,"pre1800",1,0,NA,NA,NA,NA,NA,0.26612504920222,0,1,0,0,0,0,0,0,0,0,0,0,0,0,0,0,1,NA
"ITA-1622","Naples","ITA",1622,"pre1800",1,0,NA,NA,NA,NA,NA,-0.148296877225633,0,0,1,1,0,1,0,0,0,0,0,0,0,0,0,0,1,NA
"DEU-1631","Augsburg","DEU",1631,"pre1800",1,0,NA,NA,NA,NA,NA,0.0327421425716822,0,0,0,0,0,1,0,0,0,0,0,0,0,0,0,0,1,NA
"DEU-1635","Nuremberg","DEU",1635,"pre1800",1,0,NA,NA,NA,NA,NA,0.140543084914825,0,1,0,1,0,1,0,0,0,0,0,0,0,0,0,0,1,NA
"ITA-1639","Genoa","ITA",1639,"pre1800",1,0,NA,NA,NA,NA,NA,-0.145970365133009,0,1,0,0,0,1,0,0,0,0,0,0,0,0,0,0,1,NA
"ESP-1647","Spain","ESP",1647,"pre1800",1,0,NA,NA,NA,NA,NA,0.167610336010373,0,0,0,0,0,1,0,0,0,0,0,0,0,0,0,0,1,NA
"ITA-1648","Venice","ITA",1648,"pre1800",1,0,NA,NA,NA,NA,NA,-0.0524597458591243,0,0,0,0,0,1,0,0,0,0,0,0,0,0,0,0,1,NA
"ESP-1652","Spain","ESP",1652,"pre1800",1,0,NA,NA,NA,NA,NA,0.313623463815995,1,0,0,0,0,1,0,0,0,0,0,0,0,0,0,0,1,NA
"ITA-1658","Milan","ITA",1658,"pre1800",1,0,NA,NA,NA,NA,NA,0.140665557879531,0,1,0,1,0,1,0,0,0,0,0,0,0,0,0,0,1,NA
"GBR-1665","England","GBR",1665,"pre1800",1,0,NA,NA,NA,NA,NA,0.365865590338393,0,1,0,0,0,0,0,0,0,0,0,0,0,0,0,0,1,NA
"GBR-1667","England","GBR",1667,"pre1800",1,0,NA,NA,NA,NA,NA,-0.696392554945406,1,0,0,0,0,1,0,0,0,0,0,0,0,0,0,0,1,NA
"SWE-1668","Sweden","SWE",1668,"pre1800",1,0,NA,NA,NA,NA,NA,-0.0227371728230555,0,0,1,1,0,0,0,0,0,0,0,0,0,0,0,0,0,NA
"NLD-1672","Holland","NLD",1672,"pre1800",1,0,NA,NA,NA,NA,NA,0.133957009701407,0,1,0,0,0,0,0,0,0,0,0,0,0,0,0,0,1,NA
"DEU-1673","Hamburg","DEU",1673,"pre1800",1,0,NA,NA,NA,NA,NA,-0.25647730263774,0,0,0,0,0,1,0,0,0,0,0,0,0,0,0,0,1,NA
"ESP-1691","Naples","ESP",1691,"pre1800",1,0,NA,NA,NA,NA,NA,-0.411144428177574,0,1,0,0,0,1,0,0,0,0,0,0,0,0,0,0,1,NA
"ITA-1691","Venice","ITA",1691,"pre1800",1,0,NA,NA,NA,NA,NA,0.0181573444921218,0,0,0,0,0,1,0,0,0,0,0,0,0,0,0,0,1,NA
"DEU-1693","Augsburg","DEU",1693,"pre1800",1,0,NA,NA,NA,NA,NA,0.0681151837054609,0,0,0,0,0,1,0,0,0,0,0,0,0,0,0,0,1,NA
"GBR-1696","United Kingdom","GBR",1696,"pre1800",1,0,NA,NA,NA,NA,NA,-0.367875037403087,0,1,0,0,0,1,0,0,0,0,0,0,0,0,0,0,1,NA
"ESP-1701","Naples","ESP",1701,"pre1800",1,0,NA,NA,NA,NA,NA,-0.425578753239425,0,1,0,0,0,0,0,1,0,0,0,0,0,0,0,0,1,NA
"FRA-1701","France","FRA",1701,"pre1800",1,0,NA,NA,NA,NA,NA,0.101153104185769,0,0,0,1,0,0,0,0,0,0,0,0,0,0,0,0,1,NA
"AUT-1703","Austria","AUT",1703,"pre1800",1,0,NA,NA,NA,NA,NA,NA,0,0,0,1,0,0,0,0,0,0,0,0,0,0,0,0,0,NA
"DEU-1703","Saxony","DEU",1703,"pre1800",1,0,NA,NA,NA,NA,NA,0.149046799222347,0,0,0,0,0,1,0,0,0,0,0,0,0,0,0,0,1,NA
"DEU-1704","Hannover","DEU",1704,"pre1800",1,0,NA,NA,NA,NA,NA,0.0941810664096052,0,1,0,0,0,0,0,0,0,0,0,0,0,0,0,0,1,NA
"FRA-1704","France","FRA",1704,"pre1800",1,0,NA,NA,NA,NA,NA,0.435501248025928,0,0,1,0,0,1,0,0,0,0,0,0,0,0,0,0,1,NA
"GBR-1704","Scotland","GBR",1704,"pre1800",1,0,NA,NA,NA,NA,NA,0.431540146604547,1,0,0,0,0,0,0,0,0,0,0,0,0,0,0,0,1,NA
"GBR-1707","United Kingdom","GBR",1707,"pre1800",1,0,NA,NA,NA,NA,NA,0.356503189221423,0,1,0,0,0,0,0,0,0,0,0,0,0,0,0,0,1,NA
"AUT-1708","Austria","AUT",1708,"pre1800",1,0,NA,NA,NA,NA,NA,NA,1,1,0,0,0,0,0,0,0,0,0,0,0,0,0,0,0,NA
"FRA-1709","France","FRA",1709,"pre1800",1,0,NA,NA,NA,NA,NA,-0.868831769708194,0,1,0,0,0,0,0,0,0,0,0,0,0,0,0,0,1,NA
"SWE-1709","Sweden","SWE",1709,"pre1800",1,0,NA,NA,NA,NA,NA,0.556831214181148,0,0,0,0,0,1,0,0,0,0,0,0,0,0,0,0,0,NA
"GBR-1711","United Kingdom","GBR",1711,"pre1800",1,0,NA,NA,NA,NA,NA,0.669646953522671,0,1,0,0,0,0,0,0,0,0,0,0,0,0,0,0,1,NA
"CHE-1712","Switzerland","CHE",1712,"pre1800",1,0,NA,NA,NA,NA,NA,NA,0,1,0,0,0,0,0,0,0,0,0,0,0,0,0,0,0,NA
"ESP-1714","Spain","ESP",1714,"pre1800",1,0,NA,NA,NA,NA,NA,0.332073092018563,0,0,0,1,0,1,1,0,0,0,0,0,0,0,0,0,1,NA
"FRA-1715","France","FRA",1715,"pre1800",1,0,NA,NA,NA,NA,NA,1.13428896856105,0,0,0,0,0,0,1,0,0,0,0,0,0,0,0,0,1,NA
"ITA-1717","Venice","ITA",1717,"pre1800",1,0,NA,NA,NA,NA,NA,0.0939047993091216,0,0,0,0,0,1,0,0,0,0,0,0,0,0,0,0,1,NA
"CHE-1720","Switzerland","CHE",1720,"pre1800",1,0,NA,NA,NA,NA,NA,NA,1,0,0,0,0,0,0,0,0,0,0,0,0,0,0,0,0,NA
"GBR-1720","United Kingdom","GBR",1720,"pre1800",1,0,NA,NA,NA,NA,NA,0.222757576894053,0,1,0,0,0,0,0,0,0,0,0,0,0,0,0,0,1,NA
"AUT-1721","Austria","AUT",1721,"pre1800",1,0,NA,NA,NA,NA,NA,NA,0,0,0,1,0,0,0,0,0,0,0,0,0,0,0,0,0,NA
"FRA-1721","France","FRA",1721,"pre1800",1,0,NA,NA,NA,NA,NA,-0.0588117078279933,1,0,0,1,0,0,0,0,0,0,0,0,0,0,0,0,1,NA
"AUT-1727","Austria","AUT",1727,"pre1800",1,0,NA,NA,NA,NA,NA,NA,0,1,0,0,0,0,0,0,0,0,0,0,0,0,0,0,0,NA
"ITA-1739","Venice","ITA",1739,"pre1800",1,0,NA,NA,NA,NA,NA,-0.0149215939376277,0,0,1,0,0,0,0,0,0,0,0,0,0,0,0,0,1,NA
"DNK-1745","Denmark","DNK",1745,"pre1800",1,0,NA,NA,NA,NA,NA,NA,0,0,0,0,0,1,0,0,0,0,0,0,0,0,0,0,0,NA
"GBR-1745","United Kingdom","GBR",1745,"pre1800",1,0,NA,NA,NA,NA,NA,0.164053145659167,0,0,0,0,0,1,0,0,0,0,0,0,0,0,0,0,1,NA
"SWE-1745","Sweden","SWE",1745,"pre1800",1,0,NA,NA,NA,NA,NA,-0.364873517548307,0,0,0,0,0,1,0,0,0,0,0,0,0,0,0,0,0,NA
"ITA-1746","Genoa","ITA",1746,"pre1800",1,0,NA,NA,NA,NA,NA,-0.103019654412258,0,0,0,0,0,1,0,0,0,0,0,0,0,0,0,0,1,NA
"DEU-1755","Prussia","DEU",1755,"pre1800",1,0,NA,NA,NA,NA,NA,-0.0960369704537793,0,1,0,0,0,0,0,0,0,0,0,0,0,0,0,0,1,NA
"DNK-1757","Denmark","DNK",1757,"pre1800",1,0,NA,NA,NA,NA,NA,NA,0,0,0,0,0,1,0,0,0,0,0,0,0,0,0,0,0,NA
"FRA-1759","France","FRA",1759,"pre1800",1,0,NA,NA,NA,NA,NA,0.285045305872333,0,0,0,0,0,1,0,0,0,0,0,0,0,0,0,0,1,NA
"IRL-1760","Ireland","IRL",1760,"pre1800",1,0,NA,NA,NA,NA,NA,NA,1,0,0,0,0,1,0,0,0,0,0,0,0,0,0,0,0,NA
"GBR-1762","Scotland","GBR",1762,"pre1800",1,0,NA,NA,NA,NA,NA,-0.330517680318859,0,0,0,0,0,1,0,0,0,0,0,0,0,0,0,0,1,NA
"DEU-1763","Hamburg","DEU",1763,"pre1800",1,0,NA,NA,NA,NA,NA,0.276403462618915,0,1,0,0,1,0,0,0,0,0,0,0,0,0,0,0,1,NA
"NLD-1763","Holland","NLD",1763,"pre1800",1,0,NA,NA,NA,NA,NA,0.591966878181112,0,1,0,0,0,1,0,0,0,0,0,0,0,0,0,0,1,NA
"FRA-1770","France","FRA",1770,"pre1800",1,0,NA,NA,NA,NA,NA,0.0347568289058678,0,1,0,0,0,0,0,0,0,0,0,0,0,0,0,0,1,NA
"IRL-1770","Ireland","IRL",1770,"pre1800",1,0,NA,NA,NA,NA,NA,NA,0,0,0,0,0,1,0,0,0,0,0,0,0,0,0,0,0,NA
"GBR-1772","Scotland","GBR",1772,"pre1800",1,0,NA,NA,NA,NA,NA,-0.273439615046717,0,1,0,0,0,0,0,0,0,0,0,0,0,0,0,0,1,NA
"DNK-1773","Denmark","DNK",1773,"pre1800",1,0,NA,NA,NA,NA,NA,NA,0,0,1,1,0,0,0,0,0,0,0,0,0,0,0,0,0,NA
"NLD-1773","Holland","NLD",1773,"pre1800",1,0,NA,NA,NA,NA,NA,-0.475171639468067,0,1,0,0,0,0,0,0,0,0,0,0,0,0,0,0,1,NA
"RUS-1773","Russia","RUS",1773,"pre1800",1,0,NA,NA,NA,NA,NA,NA,0,1,0,0,0,0,0,0,0,0,0,0,0,0,0,0,0,NA
"FRA-1774","France","FRA",1774,"pre1800",1,0,NA,NA,NA,NA,NA,0.268635138990098,0,0,0,0,0,1,0,0,0,0,0,0,0,0,0,0,1,NA
"GBR-1778","United Kingdom","GBR",1778,"pre1800",1,0,NA,NA,NA,NA,NA,-0.0302005563403057,0,1,0,0,0,0,0,0,0,0,0,0,0,0,0,0,1,NA
"NLD-1781","Holland","NLD",1781,"pre1800",1,0,NA,NA,NA,NA,NA,-0.313166482647203,0,1,0,0,0,1,0,0,0,0,0,0,0,0,0,0,1,NA
"FRA-1783","France","FRA",1783,"pre1800",1,0,NA,NA,NA,NA,NA,-0.203370761640237,0,1,0,0,0,1,0,0,0,0,0,0,0,0,0,0,1,NA
"ESP-1784","Spain","ESP",1784,"pre1800",1,0,NA,NA,NA,NA,NA,-0.247396059932444,0,0,0,0,0,0,0,1,0,0,0,0,0,0,0,0,1,NA
"FRA-1787","France","FRA",1787,"pre1800",1,0,NA,NA,NA,NA,NA,-0.430025601546559,0,1,0,0,0,0,0,0,0,0,0,0,0,0,0,0,1,NA
"RUS-1787","Russia","RUS",1787,"pre1800",1,0,NA,NA,NA,NA,NA,NA,0,1,0,0,0,0,0,0,0,0,0,0,0,0,0,0,0,NA
"FRA-1788","France","FRA",1788,"pre1800",1,0,NA,NA,NA,NA,NA,-0.677804132209578,0,0,0,0,0,1,0,0,0,0,0,0,0,0,0,0,1,NA
"GBR-1788","Scotland","GBR",1788,"pre1800",1,0,NA,NA,NA,NA,NA,0.173563226434997,0,1,0,0,0,0,0,0,0,0,0,0,0,0,0,0,1,NA
"USA-1791","United States","USA",1791,"pre1800",1,0,NA,NA,NA,NA,NA,NA,0,1,0,0,0,0,0,0,0,0,0,0,0,0,0,0,1,NA
"FRA-1792","France","FRA",1792,"pre1800",1,0,NA,NA,NA,NA,NA,-0.39624096129435,0,0,0,0,0,0,1,0,0,0,0,0,0,0,0,0,1,NA
"NLD-1792","Holland","NLD",1792,"pre1800",1,0,NA,NA,NA,NA,NA,0.198442934923813,0,1,0,0,0,0,0,0,0,0,0,0,0,0,0,0,1,NA
"USA-1792","United States","USA",1792,"pre1800",1,0,NA,NA,NA,NA,NA,NA,0,1,0,0,0,0,0,0,0,0,0,0,0,0,0,0,1,NA
"GBR-1793","Scotland","GBR",1793,"pre1800",1,0,NA,NA,NA,NA,NA,-0.0659847759107252,0,1,0,0,0,0,0,0,0,0,0,0,0,0,0,0,1,NA
"IRL-1793","Ireland","IRL",1793,"pre1800",1,0,NA,NA,NA,NA,NA,NA,0,0,0,0,0,1,0,0,0,0,0,0,0,0,0,0,0,NA
"ZAF-1793","South Africa","ZAF",1793,"pre1800",1,0,NA,NA,NA,NA,NA,NA,0,1,0,0,0,0,0,0,0,0,0,0,0,0,0,0,0,NA
"ITA-1796","Naples","ITA",1796,"pre1800",1,0,NA,NA,NA,NA,NA,0.0744393556275683,0,0,0,0,0,1,0,0,0,0,0,0,0,0,0,0,1,NA
"GBR-1797","United Kingdom","GBR",1797,"pre1800",1,0,NA,NA,NA,NA,NA,-0.0217774815604764,0,1,0,0,0,1,0,0,0,0,0,0,0,0,0,0,1,NA
"IRL-1797","Ireland","IRL",1797,"pre1800",1,0,NA,NA,NA,NA,NA,NA,0,0,0,0,0,1,0,0,0,0,0,0,0,0,0,0,0,NA
"DEU-1798","Hamburg","DEU",1798,"pre1800",1,0,NA,NA,NA,NA,NA,-0.148072884801557,1,0,0,0,0,0,0,0,0,0,0,0,0,0,0,0,1,NA
"ITA-1798","Rome","ITA",1798,"pre1800",1,0,NA,NA,NA,NA,NA,-0.1536145642625,0,0,0,1,0,1,0,0,0,0,0,0,0,0,0,0,1,NA
"DEU-1799","Hamburg","DEU",1799,"pre1800",1,0,NA,NA,NA,NA,NA,-0.0982111686503205,0,1,0,0,0,0,0,0,0,0,0,0,0,0,0,0,1,NA
"FRA-1802","France","FRA",1802,"1800_1869",0,0,6.89870015683894,-8,NA,NA,NA,0.947413243087269,0,0,0,1,0,0,0,0,0,0,1,0,1,1,1,1,1,NA
"NLD-1802","Holland","NLD",1802,"1800_1869",1,0,NA,NA,NA,NA,NA,0.125059331011195,1,1,1,1,0,1,0,0,0,0,0,0,0,0,0,0,1,NA
"GBR-1803","Scotland","GBR",1803,"1800_1869",1,0,8.11969625295725,-2,NA,NA,192.00199890137,-0.226821223936623,0,0,0,0,0,1,0,0,0,0,0,0,0,0,0,0,1,NA
"FRA-1805","France","FRA",1805,"1800_1869",0,0,7.13874522227754,-8,NA,NA,NA,-0.391324756796219,0,1,1,1,0,1,0,0,0,0,1,0,1,1,1,1,1,NA
"FIN-1808","Finland","FIN",1808,"1800_1869",1,0,NA,NA,NA,NA,NA,NA,0,1,0,0,0,0,0,0,0,0,0,0,0,0,0,0,0,NA
"DEU-1810","Prussia","DEU",1810,"1800_1869",1,0,NA,NA,NA,NA,NA,0.0338049552124163,0,1,1,1,0,1,0,0,0,0,0,0,0,0,0,0,1,NA
"FRA-1810","France","FRA",1810,"1800_1869",1,0,7.14009151800138,-8,NA,NA,NA,-0.697856824156783,0,1,0,0,0,0,0,0,0,0,0,0,0,0,0,0,1,NA
"GBR-1810","United Kingdom","GBR",1810,"1800_1869",0,0,8.10440130792161,-2,NA,NA,187.48500061035,-0.104380054064093,0,1,0,0,0,0,0,0,0,0,1,0,1,1,1,1,1,NA
"SWE-1811","Sweden","SWE",1811,"1800_1869",0,0,7.18538701558042,-9,NA,7.002790927887,21.657300949097,0.33502966585755,0,1,0,0,0,0,0,0,0,0,1,0,1,1,1,1,0,NA
"DNK-1813","Denmark","DNK",1813,"1800_1869",0,0,NA,NA,NA,NA,NA,NA,0,0,0,1,0,0,0,1,0,0,1,0,1,1,1,1,0,NA
"ESP-1814","Spain","ESP",1814,"1800_1869",0,0,6.74758652682932,-9,NA,NA,NA,0.494602193052801,0,0,0,1,0,1,0,0,0,0,1,0,1,1,1,1,1,NA
"FRA-1814","France","FRA",1814,"1800_1869",1,0,7.06130347660758,-4,NA,NA,NA,-0.567096623809065,0,1,0,0,0,1,0,0,0,0,0,0,0,0,0,0,1,NA
"IRL-1814","Ireland","IRL",1814,"1800_1869",1,0,NA,NA,NA,NA,NA,NA,0,1,0,0,0,0,0,0,0,0,0,0,0,0,0,0,0,NA
"NOR-1814","Norway","NOR",1814,"1800_1869",0,0,NA,NA,NA,NA,NA,NA,0,1,0,0,0,0,0,1,0,0,1,0,1,1,1,1,0,NA
"USA-1814","United States","USA",1814,"1800_1869",0,0,7.92398343208368,6,NA,4.9530701637268,14.241600036621,NA,0,0,0,0,0,1,0,0,0,0,1,0,1,1,1,1,1,NA
"DEU-1815","Prussia","DEU",1815,"1800_1869",1,0,NA,NA,NA,NA,NA,-0.0570832262374281,1,0,0,0,0,0,0,0,0,0,0,0,0,0,0,0,1,NA
"FRA-1815","France","FRA",1815,"1800_1869",1,0,7.1298574822795,-4,NA,NA,NA,-1.08429655883754,0,1,0,0,0,0,0,0,0,0,0,0,0,0,0,0,1,NA
"GBR-1815","United Kingdom","GBR",1815,"1800_1869",0,0,8.07215530818825,-2,NA,NA,224.82200622559,0.0870781065578124,0,0,0,0,0,0,1,0,0,0,1,0,1,1,1,1,1,NA
"SWE-1815","Sweden","SWE",1815,"1800_1869",1,0,7.21744343169653,-8,NA,5.2050361633301,11.48509979248,0.208882714920388,0,1,0,1,0,0,0,0,0,0,0,0,0,0,0,0,0,NA
"FRA-1818","France","FRA",1818,"1800_1869",1,0,6.80140628103337,-4,NA,NA,NA,1.309910641133,0,1,0,0,0,0,0,0,0,0,0,0,0,0,0,0,1,NA
"USA-1818","United States","USA",1818,"1800_1869",0,0,7.8966232348698,6,NA,2.4295299053192,11.707099914551,0.0265386450019553,0,1,0,1,0,1,0,0,0,0,1,0,1,1,1,1,1,NA
"NLD-1819","Netherlands","NLD",1819,"1800_1869",0,0,7.98684490116138,-6,NA,NA,166.26800537109,NA,0,0,0,0,0,0,1,0,0,0,1,0,1,1,1,1,1,NA
"IRL-1820","Ireland","IRL",1820,"1800_1869",1,0,NA,NA,NA,NA,NA,NA,0,1,0,0,0,0,0,0,0,0,0,0,0,0,0,0,0,NA
"USA-1820","United States","USA",1820,"1800_1869",0,0,7.89757925788717,6,NA,2.7836899757385,13.717499732971,0.0807649623503236,0,1,0,1,0,1,0,0,0,0,1,0,1,1,1,1,1,NA
"BRA-1821","Brazil","BRA",1821,"1800_1869",1,0,NA,NA,NA,NA,NA,NA,1,0,0,0,0,0,0,0,0,0,0,0,0,0,0,0,0,NA
"GBR-1825","United Kingdom","GBR",1825,"1800_1869",0,0,8.15822991695949,-2,NA,NA,212.66700744629,-0.124631225443119,0,1,0,0,0,0,0,0,0,0,1,0,1,1,1,1,1,NA
"AUS-1826","Australia","AUS",1826,"1800_1869",0,0,NA,NA,NA,NA,NA,NA,0,1,0,0,0,0,0,0,0,0,1,0,1,1,1,1,0,NA
"IRL-1826","Ireland","IRL",1826,"1800_1869",1,0,NA,NA,NA,NA,NA,NA,0,1,0,0,0,0,0,0,0,0,0,0,0,0,0,0,0,NA
"FRA-1827","France","FRA",1827,"1800_1869",0,0,7.10878632725873,-4,NA,NA,NA,-0.188070321526277,0,0,0,0,0,0,1,0,0,0,1,0,1,1,1,1,1,NA
"PRT-1828","Portugal","PRT",1828,"1800_1869",0,0,7.29745279607476,-3,NA,NA,NA,0.117548016412953,0,0,0,0,0,0,1,0,0,0,1,0,1,1,1,1,0,NA
"ESP-1829","Spain","ESP",1829,"1800_1869",0,0,6.91473089271856,-6,NA,NA,NA,-0.130889490143304,0,1,0,1,0,0,0,0,0,0,1,0,1,1,1,1,1,NA
"USA-1829","United States","USA",1829,"1800_1869",1,0,7.98271756468685,10,NA,1.6798900365829,5.3663001060486,0.367783617770101,1,0,0,0,0,0,0,1,0,0,0,0,0,0,0,0,1,NA
"FRA-1830","France","FRA",1830,"1800_1869",1,0,7.1071813371448,-1,NA,NA,NA,0.173590811640455,0,1,0,0,0,0,0,0,0,0,0,0,0,0,0,0,1,NA
"IRL-1831","Ireland","IRL",1831,"1800_1869",1,0,NA,NA,NA,NA,NA,NA,0,0,0,0,0,1,0,0,0,0,0,0,0,0,0,0,0,NA
"DEU-1832","Prussia","DEU",1832,"1800_1869",1,0,NA,NA,NA,NA,NA,0.182146954387075,0,1,0,0,0,0,0,0,0,0,0,0,0,0,0,0,1,NA
"IRL-1833","Ireland","IRL",1833,"1800_1869",1,0,NA,NA,NA,NA,NA,NA,0,1,0,0,0,0,0,0,0,0,0,0,0,0,0,0,0,NA
"USA-1833","United States","USA",1833,"1800_1869",1,0,8.11449225945074,10,NA,1.7733399868011,0.3667179942131,-0.136479589629545,0,1,0,0,0,1,0,0,0,0,0,0,0,0,0,0,1,NA
"IRL-1836","Ireland","IRL",1836,"1800_1869",0,0,NA,NA,NA,NA,NA,NA,0,1,0,0,0,0,0,0,0,0,1,0,1,1,1,1,0,NA
"CAN-1837","Canada","CAN",1837,"1800_1869",0,0,NA,NA,NA,NA,NA,NA,0,0,0,0,0,1,0,0,0,0,1,0,1,1,1,1,0,NA
"GBR-1837","United Kingdom","GBR",1837,"1800_1869",0,0,8.27817429094374,3,NA,10.532799720764,151.63200378418,-0.196126229314805,0,1,0,1,0,1,0,0,0,0,1,0,1,1,1,1,1,NA
"USA-1837","United States","USA",1837,"1800_1869",0,0,8.15186214845917,10,NA,2.0351400375366,0.18076500296593,-0.42430896440015,0,0,0,0,0,1,0,0,0,0,1,0,1,1,1,1,1,NA
"BEL-1838","Belgium","BEL",1838,"1800_1869",0,0,NA,-4,NA,6.8346400260925,11.635800361633,NA,1,1,0,0,0,1,0,0,0,0,1,0,1,1,1,1,0,NA
"CHE-1838","Switzerland","CHE",1838,"1800_1869",1,0,NA,NA,NA,NA,NA,NA,0,1,0,0,0,0,0,0,0,0,0,0,0,0,0,0,0,NA
"FRA-1838","France","FRA",1838,"1800_1869",0,0,7.19236922724966,-1,NA,NA,NA,0.1599569788635,0,0,0,0,0,0,1,0,0,0,1,0,1,1,1,1,1,NA
"IRL-1839","Ireland","IRL",1839,"1800_1869",1,0,NA,NA,NA,NA,NA,NA,0,1,0,0,0,0,0,0,0,0,0,0,0,0,0,0,0,NA
"USA-1839","United States","USA",1839,"1800_1869",0,0,8.11063869013475,10,NA,1.3922899961472,0.18493799865246,-0.218216369550778,1,1,0,1,0,1,0,0,0,0,1,0,1,1,1,1,1,NA
"BEL-1842","Belgium","BEL",1842,"1800_1869",0,0,NA,-4,NA,6.6997599601746,37.965301513672,NA,0,0,0,0,0,1,0,0,0,0,1,0,1,1,1,1,0,NA
"DEU-1842","Hamburg","DEU",1842,"1800_1869",1,0,NA,NA,NA,NA,NA,-0.251872831292054,0,1,0,0,0,0,0,0,0,0,0,0,0,0,0,0,1,NA
"AUS-1843","Australia","AUS",1843,"1800_1869",0,0,NA,NA,NA,NA,NA,1.52927533494187,1,1,0,0,0,0,0,0,0,0,1,0,1,1,1,1,0,NA
"ESP-1846","Spain","ESP",1846,"1800_1869",0,0,6.92853781816467,-2,NA,NA,NA,0.0575272493347762,0,1,0,1,0,1,0,0,0,0,1,0,1,1,1,1,1,NA
"PRT-1846","Portugal","PRT",1846,"1800_1869",0,0,7.39873566214401,-4,NA,NA,NA,-0.406802910552956,0,0,0,1,0,0,0,0,0,0,1,0,1,1,1,1,0,NA
"GBR-1847","United Kingdom","GBR",1847,"1800_1869",0,0,8.3742461820963,3,NA,9.7746801376343,123.82399749756,-0.169985354438271,0,1,1,0,0,1,0,0,0,0,1,0,1,1,1,1,1,NA
"MUS-1847","Mauritius","MUS",1847,"1800_1869",1,0,NA,NA,NA,NA,NA,NA,0,0,0,0,0,0,1,0,0,0,0,0,0,0,0,0,0,NA
"AUT-1848","Austria","AUT",1848,"1800_1869",1,0,NA,-6,NA,NA,NA,NA,0,1,0,0,0,1,0,0,0,0,0,0,0,0,0,0,0,NA
"BEL-1848","Belgium","BEL",1848,"1800_1869",0,0,7.94058382710424,4,NA,7.3259902000427,34.350700378418,NA,1,1,0,0,0,1,0,0,0,0,1,0,1,1,1,1,0,NA
"DEU-1848","Prussia","DEU",1848,"1800_1869",1,0,NA,NA,NA,NA,NA,1.47135317792083,1,0,0,1,0,0,0,0,0,0,0,0,0,0,0,0,1,NA
"ESP-1848","Spain","ESP",1848,"1800_1869",1,0,6.90575327631146,-2,NA,NA,NA,1.59980246339085,0,1,0,0,0,1,0,0,0,0,0,0,0,0,0,0,1,NA
"FRA-1848","France","FRA",1848,"1800_1869",0,0,7.39961976895679,6,NA,NA,NA,-0.376972045927326,1,1,0,1,0,1,0,0,0,0,1,0,1,1,1,1,1,NA
"TUR-1848","Ottoman Empire","TUR",1848,"1800_1869",1,0,NA,NA,NA,NA,NA,NA,0,1,0,0,0,0,0,0,0,0,0,0,0,0,0,0,0,NA
"FRA-1851","France","FRA",1851,"1800_1869",1,0,7.37567627337327,-1,NA,NA,NA,-0.127146155095326,0,1,0,0,0,0,0,0,0,0,0,0,0,0,0,0,1,NA
"AUS-1852","Australia","AUS",1852,"1800_1869",1,0,NA,NA,NA,NA,NA,0.14718345570704,0,0,0,0,0,1,0,0,0,0,0,0,0,0,0,0,0,NA
"FRA-1856","France","FRA",1856,"1800_1869",1,0,7.38854512190551,-8,NA,NA,NA,0.456832445315076,0,1,0,0,0,0,0,0,0,0,0,0,0,0,0,0,1,NA
"IRL-1856","Ireland","IRL",1856,"1800_1869",0,0,NA,NA,NA,NA,NA,NA,0,1,0,0,0,0,0,0,0,0,1,0,1,1,1,1,0,NA
"ITA-1856","Italy","ITA",1856,"1800_1869",1,0,NA,NA,NA,NA,NA,0.519336120597299,1,0,0,0,0,0,0,0,0,0,0,0,0,0,0,0,1,NA
"AUT-1857","Austria","AUT",1857,"1800_1869",1,0,NA,-6,NA,NA,NA,NA,0,1,0,0,0,0,0,0,0,0,0,0,0,0,0,0,0,NA
"BEL-1857","Belgium","BEL",1857,"1800_1869",1,0,8.14873480893717,4,NA,4.8887801170349,20.827600479126,NA,0,1,0,0,0,0,0,0,0,0,0,0,0,0,0,0,0,NA
"CUB-1857","Cuba","CUB",1857,"1800_1869",1,0,NA,NA,NA,NA,NA,NA,0,1,0,0,0,0,0,0,0,0,0,0,0,0,0,0,0,NA
"DEU-1857","Germany","DEU",1857,"1800_1869",0,0,NA,NA,NA,NA,NA,-0.174250703817972,1,1,0,0,0,1,0,0,0,0,1,0,1,1,1,1,1,NA
"DNK-1857","Denmark","DNK",1857,"1800_1869",0,0,7.91388671485608,2,NA,NA,NA,-0.141406537327402,0,1,0,0,0,0,0,0,0,0,1,0,1,1,1,1,0,NA
"FIN-1857","Finland","FIN",1857,"1800_1869",1,0,NA,NA,NA,NA,NA,NA,0,1,0,0,0,1,0,0,0,0,0,0,0,0,0,0,0,NA
"GBR-1857","United Kingdom","GBR",1857,"1800_1869",0,0,8.5197898172635,3,NA,10.181400299072,103.97899627686,-0.265765014373349,0,1,0,0,0,1,0,0,0,0,1,0,1,1,1,1,1,NA
"NOR-1857","Norway","NOR",1857,"1800_1869",1,0,7.52833176670725,-7,NA,NA,NA,-0.206435797193751,1,1,0,0,0,0,0,0,0,0,0,0,0,0,0,0,0,NA
"SWE-1857","Sweden","SWE",1857,"1800_1869",1,0,7.47929963778283,-5,NA,4.954309463501,1.6238499879837,0.15577122460326,0,1,0,0,0,1,0,0,0,0,0,0,0,0,0,0,0,NA
"USA-1857","United States","USA",1857,"1800_1869",0,0,8.35411467008204,8,NA,1.5708099603653,0.66499102115631,-0.252835099814586,0,1,0,0,0,1,0,0,0,0,1,0,1,1,1,1,1,NA
"CHE-1859","Switzerland","CHE",1859,"1800_1869",1,0,7.95915949631169,10,NA,NA,NA,NA,0,1,0,0,0,0,0,0,0,0,0,0,0,0,0,0,0,NA
"RUS-1859","Russia","RUS",1859,"1800_1869",1,0,NA,NA,NA,NA,NA,NA,0,1,0,1,0,0,0,0,0,0,0,0,0,0,0,0,0,NA
"CHN-1860","China","CHN",1860,"1800_1869",1,0,NA,NA,NA,NA,NA,NA,0,0,0,0,0,0,1,0,0,0,0,0,0,0,0,0,0,NA
"CAN-1861","Canada","CAN",1861,"1800_1869",1,0,NA,NA,NA,NA,NA,NA,0,1,0,0,0,0,0,0,0,0,0,0,0,0,0,0,0,NA
"USA-1861","United States","USA",1861,"1800_1869",1,0,8.3897902727028,0,NA,1.4246799945831,1.9392399787903,-0.00480827720630083,0,1,0,0,0,1,0,0,0,0,0,0,0,0,0,0,1,NA
"CHL-1862","Chile","CHL",1862,"1800_1869",1,0,7.36201055125973,0,NA,4.6100001335144,8.4130802154541,-0.0537459522784483,0,1,0,0,0,0,0,0,0,0,0,0,0,0,0,0,0,NA
"RUS-1862","Russia","RUS",1862,"1800_1869",0,0,NA,NA,NA,NA,NA,NA,0,0,0,1,0,1,0,0,0,0,1,0,1,1,1,1,0,NA
"CHN-1863","China","CHN",1863,"1800_1869",1,0,NA,-6,NA,NA,NA,NA,0,0,0,0,0,0,1,0,0,0,0,0,0,0,0,0,0,NA
"IND-1863","India","IND",1863,"1800_1869",0,0,NA,NA,NA,6.208270072937,12.380999565125,NA,0,0,0,0,0,0,1,0,0,0,1,0,1,1,1,1,0,NA
"TUR-1863","Ottoman Empire","TUR",1863,"1800_1869",1,0,NA,NA,NA,NA,NA,NA,0,0,1,1,0,0,0,0,0,0,0,0,0,0,0,0,0,NA
"BRA-1864","Brazil","BRA",1864,"1800_1869",1,0,6.8627579130514,-6,NA,NA,NA,NA,0,1,0,0,0,1,0,0,0,0,0,0,0,0,0,0,0,NA
"ESP-1864","Spain","ESP",1864,"1800_1869",1,0,7.58018941794454,-6,NA,15.875200271606,61.100799560547,-0.899793514996677,0,0,0,0,0,0,1,0,0,0,0,0,0,0,0,0,1,NA
"FRA-1864","France","FRA",1864,"1800_1869",0,0,8.05356916913454,-6,NA,NA,NA,-0.902292688584148,0,0,0,0,0,0,1,0,0,0,1,0,1,1,1,1,1,NA
"USA-1864","United States","USA",1864,"1800_1869",0,0,8.46243689723419,0,NA,9.0818996429443,19.057800292969,-0.244832774908812,0,0,0,0,0,0,1,0,0,0,1,0,1,1,1,1,1,NA
"CHE-1865","Switzerland","CHE",1865,"1800_1869",1,0,7.94015397324936,10,NA,NA,NA,NA,0,1,0,0,0,0,0,0,0,0,0,0,0,0,0,0,0,NA
"CHL-1865","Chile","CHL",1865,"1800_1869",1,0,7.41878088275079,0,NA,7.1900000572205,12.831500053406,-0.0456718693046491,0,0,0,0,0,1,0,0,0,0,0,0,0,0,0,0,0,NA
"ZAF-1865","South Africa","ZAF",1865,"1800_1869",0,0,NA,NA,NA,NA,NA,NA,0,0,0,0,0,0,1,0,0,0,1,0,1,1,1,1,0,NA
"AUS-1866","Australia","AUS",1866,"1800_1869",1,0,NA,NA,NA,NA,12.569999694824,0.252835927190138,0,0,0,0,0,0,0,1,0,0,0,0,0,0,0,0,0,NA
"BEL-1866","Belgium","BEL",1866,"1800_1869",1,0,8.26924452118306,4,NA,5.2094898223877,16.680599212646,-0.0120737441499957,0,1,0,0,0,0,0,0,0,0,0,0,0,0,0,0,0,NA
"BRA-1866","Brazil","BRA",1866,"1800_1869",1,0,6.94889722231331,-6,NA,NA,NA,0.258197382050189,0,1,0,0,0,0,0,0,0,0,0,0,0,0,0,0,0,NA
"CAN-1866","Canada","CAN",1866,"1800_1869",0,0,NA,NA,NA,NA,NA,NA,0,1,0,0,0,0,0,0,0,0,1,0,1,1,1,1,0,NA
"CHN-1866","China","CHN",1866,"1800_1869",0,0,NA,-6,NA,NA,NA,NA,0,1,0,1,0,0,0,0,0,0,1,0,1,1,1,1,0,NA
"CUB-1866","Cuba","CUB",1866,"1800_1869",1,0,NA,NA,NA,NA,NA,NA,0,0,0,0,0,1,0,0,0,0,0,0,0,0,0,0,0,NA
"DEU-1866","Saxony","DEU",1866,"1800_1869",1,0,NA,NA,NA,NA,NA,-0.0803947946792071,0,1,0,0,0,0,0,0,0,0,0,0,0,0,0,0,1,NA
"EGY-1866","Egypt","EGY",1866,"1800_1869",1,0,NA,NA,NA,NA,NA,NA,0,1,0,0,0,0,0,0,0,0,0,0,0,0,0,0,0,NA
"ESP-1866","Spain","ESP",1866,"1800_1869",1,0,7.53101633207792,-6,NA,9.6389198303223,69.386299133301,-0.669314893157147,0,1,0,0,0,1,0,0,0,0,0,0,0,0,0,0,1,NA
"GBR-1866","United Kingdom","GBR",1866,"1800_1869",0,0,8.5816692106006,3,NA,7.448609828949,76.470596313477,0.0323724480147633,0,1,0,0,0,1,0,0,0,0,1,0,1,1,1,1,1,NA
"IRL-1866","Ireland","IRL",1866,"1800_1869",1,0,NA,NA,NA,NA,NA,NA,0,1,0,0,0,0,0,0,0,0,0,0,0,0,0,0,0,NA
"ITA-1866","Italy","ITA",1866,"1800_1869",0,0,7.93030645345837,-4,NA,12.377200126648,69.257698059082,-0.262076833857195,0,0,0,0,0,1,0,0,0,0,1,0,1,1,1,1,1,NA
"URY-1866","Uruguay","URY",1866,"1800_1869",1,0,NA,NA,NA,NA,NA,NA,0,0,0,0,0,1,0,0,0,0,0,0,0,0,0,0,0,NA
"FRA-1867","France","FRA",1867,"1800_1869",1,0,8.03365842788615,-6,NA,NA,NA,-0.784788179803718,0,1,0,1,0,0,0,0,0,0,0,0,0,0,0,0,1,NA
"ITA-1868","Italy","ITA",1868,"1800_1869",0,0,7.86760786453216,-4,NA,10.160799980164,82.459999084473,0.17525040148982,0,1,0,0,0,1,0,0,0,0,1,0,1,1,1,1,1,NA
"AUT-1869","Hungary","AUT",1869,"1800_1869",1,0,NA,-4,NA,NA,NA,NA,0,1,0,0,0,0,1,0,0,0,0,0,0,0,0,0,0,NA
"BEL-1870","Belgium","BEL",1870,"1870_1913",0,0,8.35349709874545,4,NA,4.8019700050354,15.114000320435,-0.037371276617151,0,0,0,0,0,1,0,1,1,0,1,0,2,2,2,2,0,NA
"CHE-1870","Switzerland","CHE",1870,"1870_1913",0,0,8.01995109243419,10,NA,NA,NA,-0.109835675272095,0,1,0,0,0,0,0,0,1,0,1,1,3,3,3,3,0,NA
"DZA-1870","Algeria","DZA",1870,"1870_1913",0,0,NA,NA,NA,NA,NA,NA,0,0,0,0,0,0,1,0,0,0,1,0,1,1,1,1,0,NA
"FRA-1871","Alsace-Lorraine","FRA",1871,"1870_1913",0,0,8.00302866638473,-1,NA,NA,NA,-0.18573876867257,0,1,0,0,0,0,0,0,1,0,0,0,1,1,1,1,1,NA
"JPN-1871","Japan","JPN",1871,"1870_1913",0,0,7.36518012602101,1,NA,NA,NA,NA,0,0,0,0,0,0,1,0,1,0,0,0,1,1,1,1,1,NA
"USA-1871","United States","USA",1871,"1870_1913",1,0,8.4769963347899,7,NA,3.6408400535583,28.935199737549,0.0794608789401136,0,1,0,0,0,0,0,0,0,0,0,0,0,0,0,0,1,NA
"BEL-1872","Belgium","BEL",1872,"1870_1913",1,0,8.36053938137086,4,NA,4.5115299224854,13.194399833679,0.103306931095337,1,1,0,0,0,0,0,0,0,0,0,0,0,0,0,0,0,NA
"PER-1872","Peru","PER",1872,"1870_1913",0,0,7.46565531013406,-1,NA,NA,NA,-0.361277755914794,0,0,0,0,0,1,0,1,1,0,1,0,2,2,2,2,0,NA
"AUT-1873","Austria","AUT",1873,"1870_1913",0,0,8.05515773181968,-4,NA,NA,NA,NA,0,1,0,0,0,1,0,0,1,0,1,0,2,2,2,2,0,NA
"CAN-1873","Canada","CAN",1873,"1870_1913",0,0,7.90765159471109,4,NA,6.7650699615479,27.470300674438,NA,0,0,0,0,0,0,1,0,1,0,1,1,3,3,3,3,0,NA
"CHE-1873","Switzerland","CHE",1873,"1870_1913",1,0,8.05213313057543,10,NA,NA,NA,0.522168910082492,0,1,0,0,0,0,0,0,0,0,0,0,0,0,0,0,0,NA
"CHN-1873","China","CHN",1873,"1870_1913",0,0,NA,-6,NA,NA,NA,NA,0,0,0,0,0,0,1,0,0,0,1,0,1,1,1,1,0,NA
"DEU-1873","Germany","DEU",1873,"1870_1913",0,0,8.03203531439882,-4,NA,NA,NA,0.157831743436335,0,0,0,0,0,0,1,0,1,0,0,1,2,2,2,2,1,NA
"GBR-1873","United Kingdom","GBR",1873,"1870_1913",0,0,8.66025403425689,3,NA,6.3343501091003,57.031299591064,-0.0234508732977824,0,0,0,0,0,0,1,0,0,0,0,1,1,1,1,1,1,NA
"ITA-1873","Italy","ITA",1873,"1870_1913",0,0,7.86057078553866,-4,NA,10.217300415039,79.67960357666,0.145704736203946,0,0,0,0,0,0,1,0,1,0,0,1,2,2,2,2,1,NA
"USA-1873","United States","USA",1873,"1870_1913",0,0,8.51558886517283,8,NA,3.1219899654388,23.131299972534,-0.11216913874974,0,1,0,0,0,1,0,0,1,0,1,1,3,3,3,3,1,NA
"BRA-1875","Brazil","BRA",1875,"1870_1913",1,0,7.00850518208228,-6,NA,NA,NA,-0.198186606400518,0,1,0,0,0,0,0,0,0,0,0,0,0,0,0,0,0,NA
"CHL-1875","Chile","CHL",1875,"1870_1913",1,0,7.57763383260273,3,NA,9.2799997329712,25.111000061035,-0.0541013034100629,0,0,0,0,0,1,0,1,0,0,0,0,0,0,0,0,0,NA
"RUS-1875","Russia","RUS",1875,"1870_1913",0,0,NA,NA,NA,NA,NA,NA,0,1,0,0,0,0,0,0,1,0,1,0,2,2,2,2,0,NA
"URY-1875","Uruguay","URY",1875,"1870_1913",1,0,8.27333659850449,-3,NA,NA,NA,NA,0,0,0,0,0,1,0,0,0,0,0,0,0,0,0,0,0,NA
"ARG-1876","Argentina","ARG",1876,"1870_1913",1,0,7.86557175768479,-3,NA,8.624529838562,28.440000534058,NA,0,0,0,1,0,1,0,0,0,0,0,0,0,0,0,0,0,NA
"BEL-1876","Belgium","BEL",1876,"1870_1913",0,0,8.42507790250843,4,NA,5.7944498062134,21.128099441528,-0.0850059254043624,1,1,0,0,0,0,0,0,1,0,0,0,1,1,1,1,0,NA
"PRT-1876","Portugal","PRT",1876,"1870_1913",0,0,7.33236920592906,-7,NA,NA,54.819900512695,NA,1,1,0,0,0,1,0,0,1,0,0,0,1,1,1,1,0,NA
"SWE-1876","Sweden","SWE",1876,"1870_1913",0,0,7.73455884435476,-4,NA,6.9090032577515,12.182100296021,0.027304941321737,0,1,1,0,0,0,0,0,1,0,1,1,3,3,3,3,0,NA
"DNK-1877","Denmark","DNK",1877,"1870_1913",0,0,8.1300590399928,-3,NA,NA,NA,-0.197635855016148,0,1,0,0,0,0,0,0,1,0,1,1,3,3,3,3,0,NA
"ZAF-1877","South Africa","ZAF",1877,"1870_1913",0,0,NA,NA,NA,NA,NA,-0.320838089987749,0,0,0,1,0,0,0,0,0,0,1,0,1,1,1,1,0,NA
"CHL-1878","Chile","CHL",1878,"1870_1913",0,0,7.55381085200823,3,NA,6.7399997711182,29.294099807739,0.958665954597719,0,0,0,0,0,1,0,0,1,0,0,0,1,1,1,1,0,NA
"GBR-1878","United Kingdom","GBR",1878,"1870_1913",0,0,8.68659835627697,3,NA,7.6554999351501,61.65539932251,-0.14566643832732,0,1,0,0,0,0,0,0,1,0,1,0,2,2,2,2,1,NA
"AUS-1879","Australia","AUS",1879,"1870_1913",1,0,NA,NA,NA,NA,20.893400192261,-0.451260955399743,0,1,0,0,0,0,0,0,0,0,0,0,0,0,0,0,0,NA
"LUX-1879","Luxemburg","LUX",1879,"1870_1913",1,0,NA,NA,NA,NA,NA,NA,0,0,0,0,0,0,1,0,0,0,0,0,0,0,0,0,0,NA
"DEU-1880","Germany","DEU",1880,"1870_1913",0,0,8.08147504013705,-4,NA,10.31280040741,25.393400192261,-0.016211268957959,0,1,0,0,0,0,0,0,0,0,1,0,1,1,1,1,1,NA
"ZAF-1881","South Africa","ZAF",1881,"1870_1913",0,0,NA,NA,NA,NA,NA,-2.26205714997726,0,0,0,1,0,0,0,0,1,0,1,0,2,2,2,2,0,NA
"EGY-1882","Egypt","EGY",1882,"1870_1913",1,0,NA,NA,NA,NA,NA,NA,0,0,0,0,0,1,0,0,0,0,0,0,0,0,0,0,0,NA
"FRA-1882","France","FRA",1882,"1870_1913",0,0,8.15966073706338,7,NA,13.238800048828,90.131797790527,0.010439134002932,1,1,0,0,0,0,0,0,1,0,1,1,3,3,3,3,1,NA
"JPN-1882","Japan","JPN",1882,"1870_1913",0,0,NA,1,NA,0.98128300905228,32.153900146484,NA,0,0,0,0,0,0,1,0,1,0,0,1,2,2,2,2,1,NA
"BEL-1883","Belgium","BEL",1883,"1870_1913",0,0,8.51699317141357,4,NA,7.0389099121094,38.261699676514,-0.189432046083632,0,0,0,0,0,0,1,0,1,0,0,0,1,1,1,1,0,NA
"CAN-1883","Canada","CAN",1883,"1870_1913",1,0,8.12029131396856,4,NA,9.2395696640015,36.958301544189,NA,0,1,0,0,0,0,0,0,0,0,0,0,0,0,0,0,0,NA
"CHN-1883","China","CHN",1883,"1870_1913",0,0,NA,-6,NA,NA,NA,NA,0,1,0,0,0,0,0,0,0,0,1,0,1,1,1,1,0,NA
"ESP-1883","Spain","ESP",1883,"1870_1913",0,0,7.84267147497946,4,NA,8.7337503433228,73.400001525879,-0.377547019449,0,0,0,0,0,1,0,0,1,0,0,1,2,2,2,2,1,NA
"MEX-1883","Mexico","MEX",1883,"1870_1913",0,0,NA,-9,NA,NA,NA,NA,0,1,0,1,0,1,0,0,1,0,1,0,2,2,2,2,0,NA
"AUT-1884","Austria","AUT",1884,"1870_1913",1,0,8.16650031915505,-4,NA,17.539199829102,75.159301757812,NA,0,1,0,0,0,1,0,0,0,0,0,0,0,0,0,0,0,NA
"CUB-1884","Cuba","CUB",1884,"1870_1913",1,0,NA,NA,NA,NA,NA,NA,0,0,0,0,0,1,0,0,0,0,0,0,0,0,0,0,0,NA
"IND-1884","India","IND",1884,"1870_1913",1,0,NA,NA,NA,7.1538100242615,17.662200927734,NA,1,0,0,0,0,0,0,0,0,0,0,0,0,0,0,0,0,NA
"USA-1884","United States","USA",1884,"1870_1913",0,0,8.78861343414292,9,NA,1.9967800378799,13.293899536133,-0.368573187752667,0,1,0,0,0,1,0,0,1,0,1,1,3,3,3,3,1,NA
"ARG-1885","Argentina","ARG",1885,"1870_1913",0,0,8.15651022607997,1,NA,8.6222400665283,23.319999694824,NA,0,0,0,0,0,0,1,0,0,0,1,0,1,1,1,1,0,NA
"DNK-1885","Denmark","DNK",1885,"1870_1913",0,0,8.20028826028755,-3,NA,6.097559928894,23.769100189209,-0.0047665818585932,0,1,0,0,0,0,0,0,1,0,1,1,3,3,3,3,0,NA
"IRL-1885","Ireland","IRL",1885,"1870_1913",1,0,NA,NA,NA,NA,NA,NA,0,1,0,0,0,0,0,0,0,0,0,0,0,0,0,0,0,NA
"FIN-1887","Finland","FIN",1887,"1870_1913",0,0,NA,NA,NA,8.9583301544189,NA,0.0737416735040149,0,0,0,0,0,0,1,0,0,0,0,1,1,1,1,1,0,NA
"ITA-1887","Italy","ITA",1887,"1870_1913",0,0,8.00803284696931,-4,NA,17.371299743652,115.19999694824,-0.0406192686716591,0,1,0,0,0,0,0,0,1,0,1,1,3,3,3,3,1,NA
"NZL-1888","New Zealand","NZL",1888,"1870_1913",0,0,8.65608519028286,9,NA,14.436699867249,126.34999847412,0.121700043495209,0,0,0,0,0,0,1,0,1,0,0,0,1,1,1,1,0,NA
"FRA-1889","France","FRA",1889,"1870_1913",0,0,8.1934002319521,7,NA,11.839099884033,109.58499908447,0.188691584177084,1,1,0,0,0,0,0,0,1,0,1,1,3,3,3,3,1,NA
"ARG-1890","Argentina","ARG",1890,"1870_1913",0,0,8.36357570275064,1,NA,7.7292499542236,72.139999389648,NA,0,1,0,0,0,1,0,0,1,0,1,0,2,2,2,2,0,NA
"BRA-1890","Brazil","BRA",1890,"1870_1913",0,0,6.89871453432999,-3,NA,25.697700500488,101.04699707031,0.0881503363485739,0,1,0,0,0,0,0,0,1,0,1,0,2,2,2,2,0,NA
"ESP-1890","Spain","ESP",1890,"1870_1913",0,0,7.81156848934518,5,NA,9.2441701889038,77.921501159668,0.126170882383054,0,0,0,0,0,0,1,0,1,0,0,1,2,2,2,2,1,NA
"FIN-1890","Finland","FIN",1890,"1870_1913",1,0,NA,NA,NA,6.1666698455811,NA,-0.0104735636300822,0,1,0,0,0,0,0,0,0,0,0,0,0,0,0,0,0,NA
"GBR-1890","United Kingdom","GBR",1890,"1870_1913",0,0,8.83579236650274,7,NA,6.802619934082,45.903099060059,-0.286231540874814,0,1,0,0,1,0,0,0,1,0,1,1,3,3,3,3,1,NA
"JPN-1890","Japan","JPN",1890,"1870_1913",0,0,7.4699584595855,1,NA,0.77651500701904,26.063999176025,NA,0,1,0,0,0,1,0,0,1,0,0,0,1,1,1,1,1,NA
"PRT-1890","Portugal","PRT",1890,"1870_1913",0,0,7.45818615734049,-4,NA,8.0325498580933,60.217800140381,-0.0696380477959819,0,1,0,0,0,1,0,0,1,0,1,0,2,2,2,2,0,NA
"PRY-1890","Paraguay","PRY",1890,"1870_1913",0,0,NA,NA,NA,NA,NA,NA,0,0,0,0,0,0,1,0,0,0,1,0,1,1,1,1,0,NA
"SWE-1890","Sweden","SWE",1890,"1870_1913",1,0,7.84345640437612,-4,NA,6.8441362380981,18.211399078369,0.276085403716792,0,1,0,0,0,0,0,0,0,0,0,0,0,0,0,0,0,NA
"USA-1890","United States","USA",1890,"1870_1913",0,0,8.81071163904766,9,NA,2.1914200782776,7.7337398529053,-0.220061203691789,0,1,0,0,0,1,0,0,1,0,1,0,2,2,2,2,1,NA
"ZAF-1890","South Africa","ZAF",1890,"1870_1913",0,0,NA,NA,NA,NA,NA,-0.0748019775566288,0,0,1,0,0,0,0,0,0,0,1,0,1,1,1,1,0,NA
"DEU-1891","Germany","DEU",1891,"1870_1913",0,0,8.26100978602383,1,NA,16.869100570679,44.881500244141,0.0952699225655553,0,0,0,0,0,1,0,0,1,0,1,1,3,3,3,3,1,NA
"FRA-1891","France","FRA",1891,"1870_1913",1,0,8.2393294279018,7,NA,11.1077003479,103.92099761963,0.25803897319607,1,1,0,0,0,0,0,0,0,0,0,0,0,0,0,0,1,NA
"ITA-1891","Italy","ITA",1891,"1870_1913",0,0,7.9976631270201,-4,NA,13.932100296021,105.60900115967,0.05123832306707,0,0,0,0,0,0,1,0,1,0,1,1,3,3,3,3,1,NA
"HKG-1892","Hong Kong","HKG",1892,"1870_1913",0,0,NA,NA,NA,NA,NA,NA,0,1,0,0,0,0,0,0,1,0,0,0,1,1,1,1,0,NA
"AUS-1893","Australia","AUS",1893,"1870_1913",0,0,NA,NA,NA,NA,51.709701538086,-0.467872125258616,1,1,0,1,0,1,0,1,1,0,1,1,3,3,3,3,0,NA
"CUB-1893","Cuba","CUB",1893,"1870_1913",1,0,NA,NA,NA,NA,NA,NA,1,0,0,0,0,0,0,0,0,0,0,0,0,0,0,0,0,NA
"ITA-1893","Italy","ITA",1893,"1870_1913",0,0,8.01201823915906,-4,NA,14.035900115967,116.06999969482,0.037487440934755,1,0,1,1,0,0,0,0,0,0,1,0,1,1,1,1,1,NA
"MEX-1893","Mexico","MEX",1893,"1870_1913",0,0,NA,-9,NA,NA,NA,NA,0,0,0,0,0,0,1,0,1,0,1,0,2,2,2,2,0,NA
"NLD-1893","Netherlands","NLD",1893,"1870_1913",0,0,8.54305585094196,-2,NA,11.911299705505,101.36799621582,0.0181129681296555,0,0,0,0,0,0,1,0,0,0,0,1,1,1,1,1,1,NA
"NZL-1893","New Zealand","NZL",1893,"1870_1913",0,0,8.70930004894499,10,NA,13.197600364685,120.49099731445,0.0306609230973024,1,0,1,0,1,0,0,0,0,0,1,0,1,1,1,1,0,NA
"URY-1893","Uruguay","URY",1893,"1870_1913",0,0,8.20985248130127,-3,NA,NA,NA,0.417343726039459,0,0,0,0,0,1,0,0,0,0,1,0,1,1,1,1,0,NA
"USA-1893","United States","USA",1893,"1870_1913",0,0,8.89892053492156,9,NA,2.5223801136017,6.3239598274231,-0.62783477851722,0,1,0,0,0,1,0,0,1,0,1,1,3,3,3,3,1,NA
"CAN-1894","Canada","CAN",1894,"1870_1913",1,0,8.22147894726719,9,NA,6.2787799835205,42.370300292969,-0.154518693646486,1,0,0,0,0,0,0,0,0,0,0,0,0,0,0,0,0,NA
"CHL-1895","Chile","CHL",1895,"1870_1913",1,0,7.99900721324395,3,NA,11.869999885559,25.339399337769,0.393056748175403,0,1,0,0,0,0,0,0,0,0,0,0,0,0,0,0,0,NA
"TUR-1895","Ottoman Empire","TUR",1895,"1870_1913",1,0,NA,NA,NA,NA,NA,NA,0,0,0,0,0,1,0,0,0,0,0,0,0,0,0,0,0,NA
"FRA-1896","France","FRA",1896,"1870_1913",1,0,8.31752199628717,7,NA,11.979299545288,105.13500213623,0.202486127915101,0,1,0,0,0,0,0,0,0,0,0,0,0,0,0,0,1,NA
"RUS-1896","Russia","RUS",1896,"1870_1913",0,0,NA,NA,NA,14.953700065613,78.947402954102,NA,0,1,1,0,0,0,1,0,1,0,1,0,2,2,2,2,0,NA
"AUS-1897","Australia","AUS",1897,"1870_1913",1,0,NA,NA,NA,NA,58.130599975586,0.341998719034886,1,0,0,0,0,0,0,0,0,0,0,0,0,0,0,0,0,NA
"BRA-1897","Brazil","BRA",1897,"1870_1913",0,0,6.81892406527552,-3,NA,11.880900382996,68.714698791504,0.11676492312652,0,0,0,0,0,0,1,0,0,0,1,0,1,1,1,1,0,NA
"CHN-1897","China","CHN",1897,"1870_1913",0,0,NA,-6,NA,NA,NA,NA,0,0,0,0,0,0,1,0,0,0,1,0,1,1,1,1,0,NA
"IND-1897","India","IND",1897,"1870_1913",1,0,NA,NA,NA,5.9988098144531,NA,NA,0,0,0,0,0,0,1,0,0,0,0,0,0,0,0,0,0,NA
"SWE-1897","Sweden","SWE",1897,"1870_1913",0,0,8.00736706798333,-4,NA,6.421802520752,15.958299636841,0.244284741270306,0,1,0,0,0,0,0,0,0,0,1,0,1,1,1,1,0,NA
"CHL-1898","Chile","CHL",1898,"1870_1913",0,0,8.07402621612406,3,NA,12.039999961853,29.885200500488,0.267047999339224,1,1,0,0,0,1,0,0,1,0,1,0,2,2,2,2,0,NA
"NOR-1898","Norway","NOR",1898,"1870_1913",0,0,8.07651532755233,10,NA,9.944390296936,21.372699737549,-0.18397243199372,1,1,1,1,0,0,0,0,1,0,1,1,3,3,3,3,0,NA
"URY-1898","Uruguay","URY",1898,"1870_1913",0,0,8.28576542051433,-3,NA,NA,NA,-0.64868570120656,0,0,0,0,0,0,1,0,0,0,1,0,1,1,1,1,0,NA
"BRA-1900","Brazil","BRA",1900,"1870_1913",0,0,6.80793494369993,-3,NA,15.504699707031,54.870998382568,0.2733509279013,0,1,0,1,0,0,0,0,1,0,1,0,2,2,2,2,0,NA
"CHN-1900","China","CHN",1900,"1870_1913",1,0,NA,-6,NA,NA,NA,NA,0,1,0,0,0,0,0,1,0,0,0,0,0,0,0,0,0,NA
"FIN-1900","Finland","FIN",1900,"1870_1913",0,0,NA,NA,NA,6.8041200637817,NA,-0.114792221195363,0,1,0,1,0,0,0,0,1,0,1,0,2,2,2,2,0,NA
"DEU-1901","Germany","DEU",1901,"1870_1913",0,0,8.4675826908629,1,NA,18.853500366211,40.762901306152,-0.297765357073841,0,1,0,0,0,0,0,0,1,0,1,1,3,3,3,3,1,NA
"JPN-1901","Japan","JPN",1901,"1870_1913",0,0,7.66070349524574,1,NA,1.2278599739075,22.887500762939,-0.18629590166065,0,0,0,0,0,0,0,1,1,0,1,1,3,3,3,3,1,NA
"DNK-1902","Denmark","DNK",1902,"1870_1913",0,0,8.50673873351238,-1,NA,5.55157995224,17.564300537109,0.0227815534663102,0,0,0,0,0,0,1,0,0,0,1,1,2,2,2,2,0,NA
"FRA-1904","France","FRA",1904,"1870_1913",0,0,8.414717399827,8,NA,11.003600120544,92.105697631836,-0.000304529394898262,0,0,0,0,0,0,1,0,0,0,1,0,1,1,1,1,1,NA
"JPN-1904","Japan","JPN",1904,"1870_1913",0,0,7.69797091086251,1,NA,2.4834899902344,35.627300262451,-0.110442197505795,0,0,0,0,0,0,1,0,0,0,0,1,1,1,1,1,1,NA
"NOR-1905","Norway","NOR",1905,"1870_1913",1,0,8.09803475617607,10,NA,9.1448001861572,32.470600128174,0.182334833058944,0,1,0,0,0,0,0,0,0,0,0,0,0,0,0,0,0,NA
"RUS-1905","Russia","RUS",1905,"1870_1913",1,0,NA,NA,NA,23.819700241089,62.215400695801,NA,0,0,0,0,0,1,0,0,0,0,0,0,0,0,0,0,0,NA
"USA-1905","United States","USA",1905,"1870_1913",1,0,9.06689236038738,9,NA,2.2143800258636,4.4201598167419,0.255918022625505,1,0,0,0,0,0,0,0,0,0,0,0,0,0,0,0,1,NA
"CAN-1906","Canada","CAN",1906,"1870_1913",0,0,8.64435433703292,9,NA,4.233570098877,19.398399353027,-0.0323928530774703,1,1,1,0,0,0,0,1,1,0,1,1,3,3,3,3,0,NA
"CHE-1907","Switzerland","CHE",1907,"1870_1913",1,0,8.93380354654384,10,NA,4.0313301086426,2.688600063324,-0.320448451604609,0,1,0,0,0,0,0,0,0,0,0,0,0,0,0,0,0,NA
"CHL-1907","Chile","CHL",1907,"1870_1913",0,0,8.20740183337636,3,NA,14.409999847412,29.850099563599,0.488162150306241,0,1,0,0,0,0,0,0,1,0,1,0,2,2,2,2,0,NA
"DEU-1907","Germany","DEU",1907,"1870_1913",0,0,8.52198170814803,1,NA,17.771799087524,37.383701324463,-0.0386767851963388,0,0,0,0,0,0,1,0,1,0,0,1,2,2,2,2,1,NA
"DNK-1907","Denmark","DNK",1907,"1870_1913",0,0,8.59840444684106,3,NA,5.411159992218,14.73929977417,0.0657939277660134,1,1,0,0,0,0,0,0,1,0,1,1,3,3,3,3,0,NA
"EGY-1907","Egypt","EGY",1907,"1870_1913",0,0,NA,NA,NA,NA,NA,NA,0,0,0,0,0,1,0,0,1,0,1,0,2,2,2,2,0,NA
"FRA-1907","France","FRA",1907,"1870_1913",0,0,8.45340105832846,8,NA,10.015199661255,77.854797363281,0.0707266763375795,0,1,0,0,0,0,0,0,0,0,1,1,2,2,2,2,1,NA
"ITA-1907","Italy","ITA",1907,"1870_1913",0,0,8.20303024171486,-1,NA,11.37469959259,85.799797058105,0.0158937646749946,1,1,0,0,0,0,0,0,1,0,1,1,3,3,3,3,1,NA
"JPN-1907","Japan","JPN",1907,"1870_1913",0,0,7.75318452316445,1,NA,2.7037100791931,61.582698822021,-0.244611621230417,0,1,0,0,0,0,0,0,1,0,1,1,3,3,3,3,1,NA
"MEX-1907","Mexico","MEX",1907,"1870_1913",0,0,7.66387725870347,-9,NA,4.4756999015808,NA,NA,0,1,0,1,1,0,0,0,0,0,1,0,1,1,1,1,0,NA
"NLD-1907","Netherlands","NLD",1907,"1870_1913",0,0,8.66042735950215,-2,NA,9.8552703857422,77.782897949219,-0.0674989771371068,0,0,0,0,0,0,1,0,1,0,0,1,2,2,2,2,1,NA
"SWE-1907","Sweden","SWE",1907,"1870_1913",0,0,8.25062008217469,-3,NA,7.8410305976868,15.702899932861,-0.063633684947729,0,1,0,0,0,0,0,0,1,0,1,1,3,3,3,3,0,NA
"USA-1907","United States","USA",1907,"1870_1913",0,0,9.20834967184685,9,NA,1.8760900497437,3.7162799835205,-0.581200135137554,0,1,0,0,0,0,0,1,1,0,1,1,3,3,3,3,1,NA
"CAN-1908","Canada","CAN",1908,"1870_1913",0,0,8.7285879956959,9,NA,7.9513897895813,22.856399536133,-0.341094300736124,0,1,0,0,0,0,0,0,1,0,1,1,3,3,3,3,0,NA
"GBR-1908","United Kingdom","GBR",1908,"1870_1913",0,0,8.96890555068972,8,NA,7.3242301940918,35.676601409912,-0.275824105927317,0,0,0,0,0,0,1,0,0,0,1,0,1,1,1,1,1,NA
"IDN-1908","India","IDN",1908,"1870_1913",0,0,NA,NA,NA,NA,NA,0.237464289244309,0,1,0,0,0,0,0,0,0,0,1,0,1,1,1,1,0,NA
"USA-1909","United States","USA",1909,"1870_1913",1,0,9.10230696510296,9,NA,2.2641799449921,3.7477600574493,0.205544496433824,1,0,0,1,0,0,0,0,0,0,0,0,0,0,0,0,1,NA
"CHE-1910","Switzerland","CHE",1910,"1870_1913",0,0,8.9693330722747,10,NA,4.147029876709,3.1709198951721,-0.293873953246324,0,0,0,0,0,0,1,0,0,0,1,1,2,2,2,2,0,NA
"CHN-1910","China","CHN",1910,"1870_1913",1,0,NA,-6,NA,NA,NA,NA,1,1,0,0,0,1,0,1,0,0,1,0,1,1,1,1,0,NA
"DEU-1911","Germany","DEU",1911,"1870_1913",1,0,8.58241897633394,2,NA,18.993700027466,40.696300506592,-0.287247584418894,0,1,0,0,0,0,0,0,0,0,0,0,0,0,0,0,1,NA
"EGY-1911","Egypt","EGY",1911,"1870_1913",1,0,NA,NA,NA,NA,NA,NA,1,0,0,0,0,0,0,0,0,0,0,0,0,0,0,0,0,NA
"GBR-1911","United Kingdom","GBR",1911,"1870_1913",1,0,8.95131054209756,8,NA,8.0490102767944,31.614400863647,0.188232956912434,1,0,1,0,0,0,0,0,0,0,0,0,0,0,0,0,1,NA
"AUT-1912","Austria","AUT",1912,"1870_1913",1,0,8.58746524440157,-4,NA,17.290300369263,61.355800628662,-0.730812013555566,0,1,0,0,0,0,0,0,0,0,0,0,0,0,0,0,0,NA
"CHE-1912","Switzerland","CHE",1912,"1870_1913",1,0,8.99267447836485,10,NA,2.4460101127625,2.8353199958801,-0.384663260897742,0,1,0,0,0,0,0,0,0,0,0,0,0,0,0,0,0,NA
"ESP-1913","Spain","ESP",1913,"1870_1913",0,0,7.97762509878459,6,NA,11.284399986267,75.216400146484,0.00788013170714289,0,1,0,0,0,1,0,0,1,0,0,1,2,2,2,2,1,NA
"IND-1913","India","IND",1913,"1870_1913",0,0,NA,NA,NA,5.5618000030518,25.572700500488,-0.0385727646305279,0,1,0,0,0,0,0,0,1,0,1,0,2,2,2,2,0,NA
"MEX-1913","Mexico","MEX",1913,"1870_1913",0,0,7.66434663209862,0,NA,3.0688400268555,15.648099899292,-0.276646043182094,1,1,0,0,0,1,0,0,1,0,1,0,2,2,2,2,0,NA
"ARG-1914","Argentina","ARG",1914,"1914_1945",0,0,8.70814407490825,2,NA,8.6430196762085,24.64999961853,-1.12320301277522,0,1,0,0,0,1,0,0,1,0,1,0,2,2,2,2,0,NA
"AUT-1914","Austria","AUT",1914,"1914_1945",1,0,8.61667646990119,-4,NA,NA,NA,-1.36028533618717,0,1,0,0,0,1,0,0,0,0,0,0,0,0,0,0,0,NA
"BEL-1914","Belgium","BEL",1914,"1914_1945",0,0,8.81388455802561,NA,NA,NA,NA,-0.835682186436222,0,1,0,1,0,1,0,0,1,0,1,0,2,2,2,2,0,NA
"BRA-1914","Brazil","BRA",1914,"1914_1945",0,0,6.95272864462487,-3,NA,16.319200515747,NA,-0.160494926192119,0,1,1,0,0,1,0,0,1,0,0,0,1,1,1,1,0,NA
"CAN-1914","Canada","CAN",1914,"1914_1945",1,0,8.86615849228492,9,NA,10.062899589539,30.629699707031,-0.600817369931796,0,1,0,0,0,0,0,0,0,0,0,0,0,0,0,0,0,NA
"CHE-1914","Switzerland","CHE",1914,"1914_1945",0,0,9.00847631029128,10,NA,NA,NA,-0.586276893674185,0,1,0,0,0,1,0,0,1,0,0,0,1,1,1,1,0,NA
"DEU-1914","Germany","DEU",1914,"1914_1945",0,0,8.66819606495276,2,NA,NA,NA,-1.19068464283241,0,0,0,0,0,1,0,0,1,0,0,0,1,1,1,1,1,NA
"EGY-1914","Egypt","EGY",1914,"1914_1945",0,0,NA,NA,NA,NA,NA,NA,0,1,0,0,0,1,0,0,1,0,0,0,1,1,1,1,0,NA
"FRA-1914","France","FRA",1914,"1914_1945",0,0,8.62245370207373,8,NA,NA,NA,-0.843718720751099,0,0,0,0,0,1,0,0,1,0,1,0,2,2,2,2,1,NA
"GBR-1914","United Kingdom","GBR",1914,"1914_1945",0,0,9.01335177813882,8,NA,24.580099105835,27.271200180054,0.116159399353954,0,1,0,0,0,1,0,0,1,0,1,0,2,2,2,2,1,NA
"GRC-1914","Greece","GRC",1914,"1914_1945",1,0,7.53689712956617,10,NA,NA,NA,0.149330573054345,0,0,0,0,0,1,0,0,0,0,0,0,0,0,0,0,0,NA
"IRL-1914","Ireland","IRL",1914,"1914_1945",1,0,NA,NA,NA,NA,NA,NA,0,0,0,0,0,1,0,0,0,0,0,0,0,0,0,0,0,NA
"ITA-1914","Italy","ITA",1914,"1914_1945",0,0,8.30819906320645,-1,NA,23.739900588989,82.002899169922,-0.522785584988569,0,1,0,0,0,1,0,0,1,0,1,0,2,2,2,2,1,NA
"JPN-1914","Japan","JPN",1914,"1914_1945",0,0,7.79590370491001,1,NA,2.0261700153351,55.924800872803,0.514973288220353,0,0,0,0,0,0,1,0,0,0,1,1,2,2,2,2,1,NA
"NLD-1914","Netherlands","NLD",1914,"1914_1945",0,0,8.77245537261191,-2,NA,NA,63.668800354004,-0.550616254217594,0,0,0,0,0,1,0,0,1,0,1,0,2,2,2,2,1,NA
"NOR-1914","Norway","NOR",1914,"1914_1945",0,0,8.39276311303806,10,NA,6.4095897674561,21.954099655151,-0.362689075220669,0,0,0,0,0,1,0,0,1,0,1,0,2,2,2,2,0,NA
"PER-1914","Peru","PER",1914,"1914_1945",0,0,7.40549566319947,2,NA,6.5286598205566,10.105799674988,0.0352467478610983,0,1,0,0,0,0,0,0,1,0,0,0,1,1,1,1,0,NA
"ROU-1914","Romania","ROU",1914,"1914_1945",1,0,6.64248680136726,-4,NA,NA,NA,NA,0,0,0,0,0,1,0,0,0,0,0,0,0,0,0,0,0,NA
"RUS-1914","Russia","RUS",1914,"1914_1945",1,0,NA,NA,NA,NA,NA,NA,0,1,0,0,0,1,0,0,0,0,0,0,0,0,0,0,0,NA
"TUR-1914","Turkey","TUR",1914,"1914_1945",0,0,NA,NA,NA,NA,NA,NA,0,0,0,0,0,1,0,0,1,0,0,0,1,1,1,1,0,NA
"USA-1914","United States","USA",1914,"1914_1945",0,0,9.2210794411984,9,NA,2.1167800426483,3.4667699337006,-0.499876490755139,0,1,0,0,0,1,0,0,0,0,1,0,1,1,1,1,1,NA
"CHL-1915","Chile","CHL",1915,"1914_1945",0,0,8.31164394850298,3,NA,10.050000190735,30.340299606323,0.114757708785687,0,0,0,0,0,0,1,0,1,0,1,0,2,2,2,2,0,NA
"GBR-1915","United Kingdom","GBR",1915,"1914_1945",1,0,9.00343919620784,8,NA,42.277400970459,39.282600402832,0.144035849917568,1,0,0,0,0,0,0,0,0,0,0,0,0,0,0,0,1,NA
"AUT-1916","Austria-Hungary","AUT",1916,"1914_1945",1,0,8.34972083747249,-4,NA,NA,NA,-0.228994045991658,0,1,0,1,0,0,0,0,0,0,0,0,0,0,0,0,0,NA
"CHN-1916","China","CHN",1916,"1914_1945",1,0,NA,-5,NA,NA,NA,NA,0,1,0,0,0,0,0,0,0,0,0,0,0,0,0,0,0,NA
"JPN-1916","Japan","JPN",1916,"1914_1945",0,0,7.82886032343372,1,NA,1.5582300424576,43.309600830078,0.77430629672333,0,1,0,0,0,0,0,0,0,0,1,0,1,1,1,1,1,NA
"CHE-1917","Switzerland","CHE",1917,"1914_1945",1,0,8.99707526774345,10,NA,NA,NA,-0.899712472451069,1,1,0,0,0,0,0,0,0,0,0,0,0,0,0,0,0,NA
"CHN-1917","China","CHN",1917,"1914_1945",1,0,NA,-5,NA,NA,NA,NA,0,0,0,1,0,0,0,0,0,0,0,0,0,0,0,0,0,NA
"RUS-1917","Russia","RUS",1917,"1914_1945",1,0,NA,NA,NA,NA,NA,NA,1,0,0,1,0,0,0,0,0,0,0,0,0,0,0,0,0,NA
"USA-1917","United States","USA",1917,"1914_1945",1,0,9.23232883408409,9,NA,3.7537400722504,5.7167401313782,-0.214175871609996,1,1,0,0,0,0,0,0,0,0,0,0,0,0,0,0,1,NA
"NOR-1919","Norway","NOR",1919,"1914_1945",0,0,8.29978317194979,10,NA,9.9919300079346,18.234100341797,0.512441068377511,0,0,0,0,0,0,1,0,1,0,0,0,1,1,1,1,0,NA
"PRT-1919","Portugal","PRT",1919,"1914_1945",0,0,7.5137092478397,7,NA,14.094799995422,47.280601501465,0.835200164424847,0,1,0,0,0,0,0,0,1,0,1,0,2,2,2,2,0,NA
"SWE-1919","Sweden","SWE",1919,"1914_1945",0,0,8.39705739017626,10,NA,7.911856174469,14.65030002594,0.118899075129804,1,0,1,0,0,0,0,0,1,0,1,1,3,3,3,3,0,NA
"ESP-1920","Spain","ESP",1920,"1914_1945",0,0,8.01433573729942,6,NA,12.116399765015,44.423999786377,0.4728861523983,0,1,0,0,0,0,0,0,1,0,1,1,3,3,3,3,1,NA
"IND-1920","India","IND",1920,"1914_1945",0,0,NA,NA,NA,6.4336400032043,20.908899307251,-0.144967458766765,0,0,0,0,0,1,0,0,1,0,1,0,2,2,2,2,0,NA
"ISL-1920","Iceland","ISL",1920,"1914_1945",0,0,NA,NA,NA,NA,NA,NA,1,0,0,0,0,0,0,0,1,0,0,0,1,1,1,1,0,NA
"JPN-1920","Japan","JPN",1920,"1914_1945",0,0,8.07692090098307,1,NA,1.9319299459457,25.581399917603,-0.43273642585561,0,1,0,0,0,0,0,1,1,0,1,1,3,3,3,3,1,NA
"MEX-1920","Mexico","MEX",1920,"1914_1945",0,0,7.7828072628397,-1,NA,4.1103801727295,14.725999832153,0.139927923860861,0,1,0,0,0,1,0,0,1,0,1,0,2,2,2,2,0,NA
"USA-1920","United States","USA",1920,"1914_1945",1,0,9.25433623324851,9,NA,7.3024702072144,27.910400390625,-0.212236002925954,1,1,0,1,0,0,0,0,0,0,0,0,0,0,0,0,1,NA
"CHE-1921","Switzerland","CHE",1921,"1914_1945",0,0,8.90435305618909,10,NA,NA,NA,0.0584186524154003,0,1,0,0,0,0,0,0,1,0,1,0,2,2,2,2,0,NA
"CHN-1921","China","CHN",1921,"1914_1945",1,0,NA,-5,NA,NA,NA,NA,0,1,0,0,0,0,0,0,0,0,0,0,0,0,0,0,0,NA
"DNK-1921","Denmark","DNK",1921,"1914_1945",0,0,8.75825524323279,10,NA,9.1629495620728,18.575199127197,0.194835455429637,1,1,1,0,0,0,0,0,1,0,1,1,3,3,3,3,0,NA
"FIN-1921","Finland","FIN",1921,"1914_1945",0,0,7.98684490116138,10,NA,16.77020072937,12.011199951172,0.728751941393162,1,1,0,0,0,0,0,0,1,0,1,0,2,2,2,2,0,NA
"ITA-1921","Italy","ITA",1921,"1914_1945",0,0,8.2398574110186,-1,NA,21.853399276733,152.24299621582,0.402895088277535,0,1,1,0,0,1,0,0,1,0,1,1,3,3,3,3,1,NA
"NLD-1921","Netherlands","NLD",1921,"1914_1945",0,0,8.81388455802561,10,NA,NA,72.526100158691,0.427312246016805,1,1,0,1,0,0,0,0,1,0,1,1,3,3,3,3,1,NA
"NOR-1921","Norway","NOR",1921,"1914_1945",0,0,8.46358142196759,10,NA,13.693099975586,23.533399581909,-0.479446670863304,1,1,1,0,0,0,0,0,0,0,1,1,2,2,2,2,0,NA
"GBR-1922","United Kingdom","GBR",1922,"1914_1945",1,0,8.82350072799118,10,NA,19.505800247192,183.48199462891,0.859539475856673,1,1,0,0,1,0,0,0,0,0,0,0,0,0,0,0,1,NA
"JPN-1922","Japan","JPN",1922,"1914_1945",0,0,8.08467094818633,1,NA,2.1565499305725,29.550399780273,-0.235950424699819,0,1,0,0,0,1,0,0,1,0,1,0,2,2,2,2,1,NA
"MEX-1922","Mexico","MEX",1922,"1914_1945",0,0,7.8407064517494,-1,NA,4.9673199653625,32.952098846436,-0.0316179375171566,0,1,0,1,0,0,0,0,1,0,0,0,1,1,1,1,0,NA
"BRA-1923","Brazil","BRA",1923,"1914_1945",0,0,7.1708884785125,-3,NA,9.8062496185303,56.499198913574,-0.206121793588077,0,0,0,0,0,0,1,0,0,0,1,0,1,1,1,1,0,NA
"CAN-1923","Canada","CAN",1923,"1914_1945",0,0,8.7071521753394,10,NA,8.161919593811,70.664901733398,0.725812451966516,0,1,0,0,0,0,0,0,1,0,1,1,3,3,3,3,0,NA
"CHN-1923","China","CHN",1923,"1914_1945",0,0,NA,-5,NA,NA,NA,NA,0,0,0,0,0,0,1,0,0,0,1,0,1,1,1,1,0,NA
"COL-1923","Columbia","COL",1923,"1914_1945",1,0,7.5234813125735,-5,NA,5.1999998092651,6.9000000953674,0.0482891756809428,0,1,0,0,1,0,0,1,0,0,0,0,0,0,0,0,0,NA
"CZE-1923","Czechoslovakia","CZE",1923,"1914_1945",0,0,NA,NA,NA,NA,NA,NA,0,0,0,0,0,0,1,0,1,0,0,0,1,1,1,1,0,NA
"GRC-1923","Greece","GRC",1923,"1914_1945",1,0,8.04846874366888,-2,NA,NA,NA,0.188785945331621,0,1,0,0,0,0,0,0,0,0,0,0,0,0,0,0,0,NA
"NOR-1923","Norway","NOR",1923,"1914_1945",0,0,8.42726848388825,10,NA,11.006600379944,31.018600463867,0.0160757919633767,1,1,1,1,0,0,0,0,0,0,1,0,1,1,1,1,0,NA
"PRT-1923","Portugal","PRT",1923,"1914_1945",0,0,7.73149202924568,7,NA,11.391200065613,67.734497070312,0.0293816120746842,0,0,0,0,0,0,1,0,1,0,1,0,2,2,2,2,0,NA
"TWN-1923","Taiwan","TWN",1923,"1914_1945",0,0,NA,NA,NA,NA,NA,0.0574863497390651,0,1,0,0,0,0,0,0,1,0,1,0,2,2,2,2,0,NA
"AUS-1924","Australia","AUS",1924,"1914_1945",1,0,9.02111503886543,10,NA,4.8374800682068,58.827301025391,0.201760159811114,0,1,0,0,0,0,0,0,0,0,0,0,0,0,0,0,0,NA
"AUT-1924","Austria","AUT",1924,"1914_1945",0,0,8.41847721847708,8,NA,14.697600364685,24.104700088501,1.17132500729082,0,1,0,0,0,0,0,0,1,0,1,0,2,2,2,2,0,NA
"ESP-1924","Spain","ESP",1924,"1914_1945",0,0,8.14118979345769,-7,NA,14.467700004578,56.339401245117,0.298147019679427,0,1,0,0,0,0,0,0,1,0,0,1,2,2,2,2,1,NA
"MEX-1924","Mexico","MEX",1924,"1914_1945",1,0,7.86633892304654,-3,NA,4.5542898178101,35.070098876953,-0.159261861983221,0,0,0,1,0,1,0,0,0,0,0,0,0,0,0,0,0,NA
"NLD-1924","Netherlands","NLD",1924,"1914_1945",1,0,8.90761234131913,10,NA,7.7937002182007,86.314300537109,0.437893902088679,0,1,0,0,0,0,0,0,0,0,0,0,0,0,0,0,1,NA
"BEL-1925","Belgium","BEL",1925,"1914_1945",0,0,8.9082888855571,6,NA,NA,107.43199920654,0.13841130516405,0,0,0,0,0,0,1,0,0,0,1,0,1,1,1,1,0,NA
"CAN-1925","Canada","CAN",1925,"1914_1945",1,0,8.75447630628417,10,NA,7.1181201934814,64.855796813965,0.982630777103299,1,0,0,0,0,0,0,0,0,0,0,0,0,0,0,0,0,NA
"DEU-1925","Germany","DEU",1925,"1914_1945",0,0,8.53679972105516,6,NA,12.225399971008,11.619999885559,1.03123055106608,0,1,0,0,0,0,0,0,0,0,1,0,1,1,1,1,1,NA
"ITA-1925","Italy","ITA",1925,"1914_1945",1,0,8.3719361787591,-6,NA,11.458499908447,103.77799987793,0.239340761791286,0,0,0,0,1,0,0,0,0,0,0,0,0,0,0,0,1,NA
"NLD-1925","Netherlands","NLD",1925,"1914_1945",1,0,8.96226355411676,10,NA,7.6619000434875,85.379203796387,0.279100585435647,1,0,0,1,0,0,0,0,0,0,0,0,0,0,0,0,1,NA
"POL-1925","Poland","POL",1925,"1914_1945",1,0,NA,8,NA,NA,NA,NA,0,0,1,0,0,0,0,0,0,0,0,0,0,0,0,0,0,NA
"SWE-1925","Sweden","SWE",1925,"1914_1945",1,0,8.5876516550648,10,NA,9.482702255249,20.364400863647,0.240044625947198,0,0,1,0,0,0,0,0,0,0,0,0,0,0,0,0,0,NA
"AUT-1926","Austria","AUT",1926,"1914_1945",1,0,8.58802437217683,8,NA,15.583700180054,21.468900680542,0.281016452559752,1,0,0,0,0,1,0,0,0,0,0,0,0,0,0,0,0,NA
"BRA-1926","Brazil","BRA",1926,"1914_1945",0,0,7.16857989726403,-3,NA,7.9286999702454,45.550899505615,0.0912724864348954,0,0,1,0,0,0,0,0,0,0,1,0,1,1,1,1,0,NA
"CHL-1926","Chile","CHL",1926,"1914_1945",0,0,8.49760254165123,-2,NA,14.039999961853,28.126100540161,0.0924541313086041,0,0,0,0,0,0,1,0,1,0,1,0,2,2,2,2,0,NA
"CUB-1926","Cuba","CUB",1926,"1914_1945",1,0,7.84776253747361,3,NA,NA,NA,-0.532655396591454,0,1,0,0,0,0,0,0,0,0,0,0,0,0,0,0,0,NA
"GBR-1926","United Kingdom","GBR",1926,"1914_1945",1,0,9.01176747459618,10,NA,19.392000198364,187.125,0.10118681241518,0,0,1,1,0,0,0,0,0,0,0,0,0,0,0,0,1,NA
"JPN-1927","Japan","JPN",1927,"1914_1945",0,0,8.11926142629098,1,NA,2.2109498977661,36.737899780273,-0.222842160698227,1,1,0,1,0,1,0,0,1,0,1,1,3,3,3,3,1,NA
"TUR-1927","Turkey","TUR",1927,"1914_1945",1,0,7.23128700432762,-6,NA,NA,NA,NA,0,0,0,1,0,0,0,0,0,0,0,0,0,0,0,0,0,NA
"TWN-1927","Taiwan","TWN",1927,"1914_1945",0,0,NA,NA,NA,NA,NA,-0.417952856188713,0,1,0,0,0,1,0,0,1,0,1,0,2,2,2,2,0,NA
"CHE-1928","Switzerland","CHE",1928,"1914_1945",1,0,9.13345243776768,10,NA,NA,NA,0.220605850871581,0,0,1,0,0,0,0,0,0,0,0,0,0,0,0,0,0,NA
"CHN-1928","China","CHN",1928,"1914_1945",1,0,NA,-5,NA,NA,NA,NA,0,0,1,0,0,0,0,0,0,0,0,0,0,0,0,0,0,NA
"DNK-1928","Denmark","DNK",1928,"1914_1945",1,0,8.9126079636709,10,NA,13.036600112915,25.398199081421,0.317721676802312,0,1,1,0,0,0,0,0,0,0,0,0,0,0,0,0,0,NA
"FIN-1928","Finland","FIN",1928,"1914_1945",1,0,8.31287139434261,10,NA,18.461500167847,10.767800331116,-0.0711779696315111,0,1,0,0,0,0,0,0,0,0,0,0,0,0,0,0,0,NA
"MEX-1928","Mexico","MEX",1928,"1914_1945",0,0,7.85941315469358,-3,NA,5.7393398284912,21.592300415039,-0.805978452565178,0,0,0,0,0,0,1,0,1,0,0,0,1,1,1,1,0,NA
"AUT-1929","Austria","AUT",1929,"1914_1945",0,0,8.67060073804555,8,NA,16.459899902344,15.432600021362,-0.58438949855753,0,0,0,0,0,0,1,0,0,0,1,0,1,1,1,1,0,NA
"BEL-1929","Belgium","BEL",1929,"1914_1945",0,0,9.0107912695156,6,NA,NA,59.152000427246,-0.496201135931623,1,1,0,0,0,1,0,0,1,0,1,0,2,2,2,2,0,NA
"BRA-1929","Brazil","BRA",1929,"1914_1945",0,0,7.30787278076371,-3,NA,8.8984003067017,46.218601226807,-0.808067823017559,0,0,0,0,0,1,0,0,1,0,1,0,2,2,2,2,0,NA
"DEU-1929","Germany","DEU",1929,"1914_1945",1,0,8.78247626892454,6,NA,14.281900405884,13.050000190735,-0.569490321067748,1,0,0,1,0,0,0,0,0,0,0,0,0,0,0,0,1,NA
"IND-1929","India","IND",1929,"1914_1945",0,0,NA,NA,NA,4.7432699203491,32.790000915527,0.0155116266601369,0,0,0,0,0,0,1,0,0,0,1,0,1,1,1,1,0,NA
"USA-1929","United States","USA",1929,"1914_1945",0,0,9.3458383670698,9,NA,3.0156199932098,16.326999664307,-0.846828517212919,1,1,1,0,0,1,0,1,1,0,1,1,3,3,3,3,1,NA
"BGR-1930","Bulgaria","BGR",1930,"1914_1945",1,0,7.57865685059476,-3,NA,16.904300689697,47.596698760986,NA,1,0,0,0,1,0,0,0,0,0,0,0,0,0,0,0,0,NA
"CAN-1930","Canada","CAN",1930,"1914_1945",1,0,8.99640430141289,10,NA,7.7202801704407,60.786701202393,-1.37739496986714,1,0,0,1,0,0,0,0,0,0,0,0,0,0,0,0,0,NA
"EST-1930","Estonia","EST",1930,"1914_1945",0,0,NA,NA,NA,NA,NA,NA,0,0,0,0,0,0,1,0,0,0,1,0,1,1,1,1,0,NA
"ETH-1930","Ethiopia","ETH",1930,"1914_1945",1,0,NA,NA,NA,NA,NA,NA,0,0,1,0,0,0,0,0,0,0,0,0,0,0,0,0,0,NA
"FRA-1930","France","FRA",1930,"1914_1945",0,0,8.9237243977064,10,NA,18.646200180054,143.8390045166,-0.901375203721966,1,1,0,1,1,0,0,0,1,0,1,1,3,3,3,3,1,NA
"ISL-1930","Iceland","ISL",1930,"1914_1945",0,0,NA,NA,NA,NA,NA,NA,1,1,0,1,0,0,0,0,1,0,0,0,1,1,1,1,0,NA
"ITA-1930","Italy","ITA",1930,"1914_1945",0,0,8.49474306257865,-9,NA,14.159199714661,106.62799835205,-0.596678705563151,0,1,1,1,1,0,0,1,1,0,1,1,3,3,3,3,1,NA
"ARG-1931","Argentina","ARG",1931,"1914_1945",0,0,8.78001888786915,-8,NA,9.9196500778198,24.319999694824,-0.664325494243145,0,1,0,0,0,0,0,0,1,0,1,0,2,2,2,2,0,NA
"AUS-1931","Australia","AUS",1931,"1914_1945",0,0,8.92319149068606,10,NA,6.3947200775146,89.813499450684,0.166665581280206,1,1,0,0,0,0,0,0,1,0,1,0,2,2,2,2,0,NA
"AUT-1931","Austria","AUT",1931,"1914_1945",0,0,8.65102453904976,8,NA,22.5,21.833999633789,-1.17992504111114,1,1,1,0,0,1,0,0,1,0,1,0,2,2,2,2,0,NA
"BEL-1931","Belgium","BEL",1931,"1914_1945",0,0,8.97916464896471,6,NA,NA,62.880798339844,-0.509687510898825,0,1,0,0,0,0,0,1,1,0,1,0,2,2,2,2,0,NA
"CHE-1931","Switzerland","CHE",1931,"1914_1945",0,0,9.20726806727767,10,NA,4.6466698646545,23.504899978638,-0.356126817663256,1,1,1,0,0,0,0,0,1,0,1,1,3,3,3,3,0,NA
"CHL-1931","Chile","CHL",1931,"1914_1945",0,0,8.49208049060116,-2,NA,16.549999237061,97.400001525879,-1.30514977924559,0,0,0,0,0,0,1,0,1,0,0,0,1,1,1,1,0,NA
"CHN-1931","China","CHN",1931,"1914_1945",0,0,6.91968384984741,-5,NA,NA,NA,NA,0,1,0,0,0,0,0,0,0,0,1,0,1,1,1,1,0,NA
"COL-1931","Columbia","COL",1931,"1914_1945",0,0,7.7621706071382,5,NA,6,11.89999961853,-0.297310604717879,0,1,0,0,1,1,0,0,1,0,0,0,1,1,1,1,0,NA
"DEU-1931","Germany","DEU",1931,"1914_1945",0,0,8.75352933651643,6,NA,12.678500175476,20.75,-0.659255303738585,1,1,1,1,0,1,0,0,1,0,1,1,3,3,3,3,1,NA
"DNK-1931","Denmark","DNK",1931,"1914_1945",0,0,9.04934968588406,10,NA,8.8843402862549,23.304100036621,-0.361764362286196,0,1,1,0,0,0,0,0,0,0,1,1,2,2,2,2,0,NA
"EGY-1931","Egypt","EGY",1931,"1914_1945",0,0,NA,NA,NA,NA,NA,NA,0,0,0,0,0,0,1,0,1,0,1,0,2,2,2,2,0,NA
"ESP-1931","Spain","ESP",1931,"1914_1945",0,0,8.27461194620955,7,NA,10.836999893188,62.517200469971,-0.463574679510432,0,1,1,0,0,0,0,0,1,0,1,1,3,3,3,3,1,NA
"EST-1931","Estonia","EST",1931,"1914_1945",0,0,NA,NA,NA,NA,NA,NA,0,0,1,0,0,1,0,0,0,0,1,0,1,1,1,1,0,NA
"FIN-1931","Finland","FIN",1931,"1914_1945",0,0,8.35467426191846,4,NA,19.953100204468,15.221599578857,-0.145027780509896,0,1,1,1,0,0,0,0,1,0,1,0,2,2,2,2,0,NA
"GBR-1931","United Kingdom","GBR",1931,"1914_1945",1,0,9.06797003068446,10,NA,20.452199935913,184.82600402832,-0.0471674367445971,0,1,0,0,0,0,0,0,0,0,0,0,0,0,0,0,1,NA
"GRC-1931","Greece","GRC",1931,"1914_1945",0,0,8.18841130807903,10,NA,30.420499801636,105.922996521,-0.551822692998379,1,1,0,0,0,0,0,0,1,0,1,0,2,2,2,2,0,NA
"HUN-1931","Hungary","HUN",1931,"1914_1945",0,0,8.25114213909075,-1,NA,2.4565401077271,24.057399749756,NA,0,1,0,0,0,1,0,0,1,0,1,0,2,2,2,2,0,NA
"LVA-1931","Latvia","LVA",1931,"1914_1945",0,0,NA,NA,NA,NA,NA,NA,0,0,0,0,0,1,0,0,0,0,1,0,1,1,1,1,0,NA
"MEX-1931","Mexico","MEX",1931,"1914_1945",0,0,7.71110125184016,-6,NA,5.3579897880554,28.117599487305,-0.329525596206768,0,0,0,0,0,1,0,0,0,0,1,0,1,1,1,1,0,NA
"NLD-1931","Netherlands","NLD",1931,"1914_1945",0,0,9.09728364968389,10,NA,10.899600028992,90.377502441406,-0.925667168664834,0,0,1,0,0,0,0,0,1,0,0,0,1,1,1,1,1,NA
"NOR-1931","Norway","NOR",1931,"1914_1945",0,0,8.66233195708248,10,NA,9.7345104217529,39.718898773193,-0.383187898787477,1,1,1,0,0,1,0,0,1,0,1,1,3,3,3,3,0,NA
"NZL-1931","New Zealand","NZL",1931,"1914_1945",1,0,8.97537724385663,10,NA,17.01969909668,190.20300292969,-0.299628836580622,1,0,0,0,0,0,0,0,0,0,0,0,0,0,0,0,0,NA
"PER-1931","Peru","PER",1931,"1914_1945",0,0,7.88269220628903,-3,NA,5.8028798103333,20.418199539185,-0.578942371208967,0,0,0,0,0,0,1,0,1,0,0,0,1,1,1,1,0,NA
"POL-1931","Poland","POL",1931,"1914_1945",0,0,8.06400734709666,-3,NA,NA,NA,NA,1,1,1,0,0,0,0,0,0,0,1,0,1,1,1,1,0,NA
"PRT-1931","Portugal","PRT",1931,"1914_1945",0,0,7.82564473221999,-9,NA,8.6965799331665,45.170398712158,0.130912770969934,0,1,1,0,0,0,0,0,1,0,1,0,2,2,2,2,0,NA
"ROU-1931","Romania","ROU",1931,"1914_1945",0,0,6.50876913697168,-4,NA,NA,NA,NA,1,1,0,0,1,0,0,0,0,0,1,0,1,1,1,1,0,NA
"SWE-1931","Sweden","SWE",1931,"1914_1945",0,0,8.8180382503943,10,NA,9.6095895767212,21.61429977417,-0.411397644594769,1,1,0,0,0,0,0,0,0,0,1,1,2,2,2,2,0,NA
"TUN-1931","Tunisia","TUN",1931,"1914_1945",0,0,NA,NA,NA,NA,NA,NA,0,0,0,0,0,0,1,0,0,0,1,0,1,1,1,1,0,NA
"TUR-1931","Turkey","TUR",1931,"1914_1945",0,0,7.37775890822787,-6,NA,NA,NA,NA,0,0,0,0,0,0,0,1,1,0,1,0,2,2,2,2,0,NA
"CAN-1932","Canada","CAN",1932,"1914_1945",1,0,8.76123680683819,10,NA,13.959099769592,102.30699920654,-0.156431052250226,0,1,0,0,0,0,0,0,0,0,0,0,0,0,0,0,0,NA
"CZE-1932","Czechoslovakia","CZE",1932,"1914_1945",1,0,NA,NA,NA,NA,NA,NA,1,1,0,0,0,0,0,0,0,0,0,0,0,0,0,0,0,NA
"YUG-1932","Yugoslavia","YUG",1932,"1914_1945",1,0,7.5234813125735,-10,NA,NA,NA,NA,0,1,0,0,0,0,0,0,0,0,0,0,0,0,0,0,0,NA
"AUT-1933","Austria","AUT",1933,"1914_1945",1,0,8.45233461906774,-1,NA,14.301500320435,36.450099945068,-0.11512302771224,0,0,1,0,1,0,0,0,0,0,0,0,0,0,0,0,0,NA
"CHE-1933","Switzerland","CHE",1933,"1914_1945",1,0,9.18527309670852,10,NA,5.8864498138428,26.742399215698,-0.217513497493825,0,1,1,1,0,0,0,0,0,0,0,0,0,0,0,0,0,NA
"DNK-1933","Denmark","DNK",1933,"1914_1945",1,0,9.01663425631559,10,NA,12.92409992218,24.224500656128,-0.0690134875759938,0,1,0,0,0,0,0,0,0,0,0,0,0,0,0,0,0,NA
"FIN-1933","Finland","FIN",1933,"1914_1945",1,0,8.31016902198191,4,NA,14.069299697876,15.18480014801,0.571855986024343,1,1,1,0,0,0,0,0,0,0,0,0,0,0,0,0,0,NA
"LTU-1933","Lithuania","LTU",1933,"1914_1945",1,0,NA,NA,NA,NA,NA,NA,0,0,1,0,0,0,0,0,0,0,0,0,0,0,0,0,0,NA
"ARG-1934","Argentina","ARG",1934,"1914_1945",0,0,8.66077391989376,-8,NA,8.5838603973389,26.469999313354,0.386454313265274,0,1,0,1,1,0,0,1,1,0,1,0,2,2,2,2,0,NA
"BGR-1934","Bulgaria","BGR",1934,"1914_1945",1,0,7.63867982387611,-7,NA,12.038299560547,62.401100158691,NA,0,1,1,1,0,0,0,0,0,0,0,0,0,0,0,0,0,NA
"CHN-1934","China","CHN",1934,"1914_1945",0,0,6.82762923450285,-5,NA,NA,NA,NA,0,1,1,0,0,0,0,0,0,0,1,0,1,1,1,1,0,NA
"POL-1934","Poland","POL",1934,"1914_1945",0,0,7.83755436088108,-3,NA,NA,NA,NA,0,1,1,0,1,0,0,1,0,0,1,0,1,1,1,1,0,NA
"DEU-1935","Nazi Germany","DEU",1935,"1914_1945",1,0,8.72420736080056,-9,NA,NA,21.85000038147,0.710806371732857,0,1,0,1,0,0,0,0,0,0,0,0,0,0,0,0,1,NA
"ITA-1935","Italy","ITA",1935,"1914_1945",0,0,8.4042484324001,-9,NA,24.478700637817,80.717903137207,0.236963581451263,0,0,0,0,0,1,0,0,0,0,1,1,2,2,2,2,1,NA
"AUT-1936","Austria","AUT",1936,"1914_1945",1,0,8.44117570499232,-9,NA,15.557900428772,36.424900054932,0.91994137320519,1,0,0,0,0,0,0,0,0,0,0,0,0,0,0,0,0,NA
"FRA-1937","France","FRA",1937,"1914_1945",0,0,8.81951754060489,10,NA,17.576700210571,NA,-0.364522338283916,0,0,0,0,0,0,1,0,1,0,0,0,1,1,1,1,1,NA
"IND-1938","India","IND",1938,"1914_1945",1,0,NA,NA,NA,4.9798002243042,48.02379989624,0.0585762700897314,0,1,0,0,0,0,0,0,0,0,0,0,0,0,0,0,0,NA
"BEL-1939","Belgium","BEL",1939,"1914_1945",0,0,8.94923531437485,6,NA,24.303100585938,70.424301147461,-0.516514914271937,1,0,0,0,0,0,0,0,1,0,1,0,2,2,2,2,0,NA
"CYP-1939","Cyprus","CYP",1939,"1914_1945",1,0,NA,NA,NA,NA,NA,NA,0,1,0,0,0,1,0,0,0,0,0,0,0,0,0,0,0,NA
"CZE-1939","Czechoslovakia","CZE",1939,"1914_1945",1,0,NA,NA,NA,NA,NA,NA,0,0,0,0,0,1,0,0,0,0,0,0,0,0,0,0,0,NA
"DEU-1939","Nazi Germany","DEU",1939,"1914_1945",1,0,8.98218427883843,-9,NA,NA,NA,-0.00574409034943528,0,1,0,0,0,0,0,0,0,0,0,0,0,0,0,0,1,NA
"ESP-1939","Spain","ESP",1939,"1914_1945",1,0,7.8770178956224,-7,NA,NA,NA,1.39810438123346,1,0,0,0,0,0,0,0,0,0,0,0,0,0,0,0,1,NA
"FIN-1939","Finland","FIN",1939,"1914_1945",0,0,8.65189889426853,4,NA,22.352899551392,15.070300102234,-0.797540905044711,0,1,0,0,0,0,0,0,0,0,1,0,1,1,1,1,0,NA
"FRA-1939","France","FRA",1939,"1914_1945",0,0,8.87052254510387,10,NA,NA,NA,-1.15045361354703,0,0,0,1,0,1,0,0,0,0,1,0,1,1,1,1,1,NA
"GBR-1939","United Kingdom","GBR",1939,"1914_1945",1,0,9.20913965139966,10,NA,20.312099456787,149.6840057373,0.458067677191129,0,0,0,0,0,1,0,0,0,0,0,0,0,0,0,0,1,NA
"NLD-1939","Netherlands","NLD",1939,"1914_1945",0,0,9.0321701863047,10,NA,13.262999534607,110.8450012207,-0.746456627680543,0,0,0,0,0,1,0,0,0,0,1,1,2,2,2,2,1,NA
"SWE-1939","Sweden","SWE",1939,"1914_1945",1,0,8.96341629199657,10,NA,13.142150878906,20.599300384521,-0.479773313652724,0,1,0,0,0,0,0,0,0,0,0,0,0,0,0,0,0,NA
"USA-1939","United States","USA",1939,"1914_1945",1,0,9.26161635821395,9,NA,9.6100301742554,43.956001281738,1.47704327656175,0,1,0,0,0,0,0,0,0,0,0,0,0,0,0,0,1,NA
"YUG-1939","Yugoslavia","YUG",1939,"1914_1945",1,0,7.5963923040642,2,NA,NA,NA,NA,0,0,0,0,0,1,0,0,0,0,0,0,0,0,0,0,0,NA
"DEU-1943","Nazi Germany","DEU",1943,"1914_1945",1,0,9.12139986267954,-9,15,NA,NA,-1.71048497277954,0,0,0,0,0,1,0,0,0,0,0,0,0,0,0,0,1,1
"FRA-1943","France","FRA",1943,"1914_1945",1,0,8.46632086104248,-66,2,NA,NA,0.634708214725357,0,1,0,1,0,0,0,0,0,0,0,0,0,0,0,0,1,0
"ITA-1943","Italy","ITA",1943,"1914_1945",1,1,8.44698529637274,0,14,25.385799407959,102.52100372314,-1.1351464977652,0,0,0,0,0,1,0,0,0,0,0,0,0,0,0,0,1,1
"NLD-1944","Netherlands","NLD",1944,"1914_1945",1,0,8.75557997214314,NA,2,NA,NA,0.45309558145444,0,0,0,0,0,1,0,0,0,0,0,0,0,0,0,0,1,0
"JPN-1945","Japan","JPN",1945,"1914_1945",1,0,8.47972182725938,1,2,NA,NA,-2.19200332009146,0,0,0,0,0,1,0,0,0,0,0,0,0,0,0,0,1,0
"POL-1946","Poland","POL",1946,"1946_1971",1,0,NA,-5,15,NA,NA,NA,0,0,0,1,0,0,0,0,0,0,0,0,0,0,0,0,0,1
"BGR-1947","Bulgaria","BGR",1947,"1946_1971",1,0,NA,-7,15,NA,NA,NA,0,0,0,1,0,0,0,0,0,0,0,0,0,0,0,0,0,1
"IND-1947","India","IND",1947,"1946_1971",0,0,6.89871453432999,NA,2,6.6576499938965,31.454299926758,0.119635503082225,0,0,0,0,0,1,0,0,0,0,1,0,1,1,1,1,0,0
"CRI-1948","Costa Rica","CRI",1948,"1946_1971",1,0,8.08487062913819,4,2,NA,NA,-0.342896563064787,0,0,1,0,0,0,0,0,0,0,0,0,0,0,0,0,0,0
"ROU-1948","Romania","ROU",1948,"1946_1971",1,0,6.16331480403464,-7,15,NA,NA,6.33806511468032,0,0,0,1,0,0,0,0,0,0,0,0,0,0,0,0,0,1
"ARG-1949","Argentina","ARG",1949,"1946_1971",1,1,9.03264808356589,-9,12,11.815999984741,19.739999771118,-0.68702235434753,0,1,0,0,0,0,0,0,0,0,0,0,0,0,0,0,0,1
"KOR-1950","Korea","KOR",1950,"1946_1971",1,0,7.0808516644312,-3,14,NA,NA,NA,0,1,0,0,0,1,0,0,0,0,0,0,0,0,0,0,0,1
"IND-1951","India","IND",1951,"1946_1971",1,0,6.89467003943348,NA,2,5.545599937439,25.101900100708,0.35306317741523,0,0,1,0,0,0,0,0,0,0,0,0,0,0,0,0,0,0
"BRA-1953","Brazil","BRA",1953,"1946_1971",1,1,7.77359446736019,5,12,8.3493099212646,13.958800315857,0.097687342239739,0,0,0,0,0,0,0,1,0,0,0,0,0,0,0,0,0,1
"NGA-1954","Nigeria","NGA",1954,"1946_1971",1,0,NA,NA,NA,NA,NA,NA,0,1,1,0,0,0,0,0,0,0,0,0,0,0,0,0,0,NA
"EGY-1957","Egypt","EGY",1957,"1946_1971",1,0,7.27447955877387,-7,12,NA,NA,NA,0,0,0,1,0,0,0,0,0,0,0,0,0,0,0,0,0,1
"USA-1958","United States","USA",1958,"1946_1971",1,1,9.76457025334946,9,2,17.648000717163,59.060298919678,0.0131797046216623,0,1,0,0,0,0,0,0,0,0,0,0,0,0,0,0,1,0
"NGA-1959","Nigeria","NGA",1959,"1946_1971",1,0,NA,NA,NA,NA,NA,NA,0,1,0,0,0,0,0,0,0,0,0,0,0,0,0,0,0,NA
"VEN-1960","Venezuela","VEN",1960,"1946_1971",1,1,9.39914089486785,6,2,23.673099517822,8.2846202850342,-0.708522923412709,1,1,1,1,0,0,0,0,0,0,0,0,0,0,0,0,0,0
"HKG-1961","Hong Kong","HKG",1961,"1946_1971",1,0,NA,NA,NA,NA,NA,NA,0,0,0,0,0,0,0,1,0,0,0,0,0,0,0,0,0,NA
"KOR-1961","Korea","KOR",1961,"1946_1971",1,1,7.34451993872028,-7,8,21.2047996521,13.373000144958,NA,0,0,1,0,0,0,0,0,0,0,0,0,0,0,0,0,0,1
"BRA-1963","Brazil","BRA",1963,"1946_1971",0,1,8.2190566610606,3,14,22.769599914551,20.403900146484,-0.730231507880664,0,1,0,0,0,0,0,0,0,0,1,0,1,1,1,1,0,1
"HKG-1965","Hong Kong","HKG",1965,"1946_1971",0,0,NA,NA,NA,NA,NA,NA,1,1,0,1,0,1,0,0,1,0,0,0,1,1,1,1,0,NA
"JPN-1965","Japan","JPN",1965,"1946_1971",1,1,9.10886120302633,10,8,20.413600921631,9.7917133393546,0.103153510033857,0,1,0,0,0,1,0,0,0,0,0,0,0,0,0,0,1,1
"URY-1965","Uruguay","URY",1965,"1946_1971",1,0,8.92239159729586,8,14,15.619099617004,NA,-0.127232443801701,0,1,1,0,0,1,0,0,0,0,0,0,0,0,0,0,0,1
"USA-1966","United States","USA",1966,"1946_1971",1,1,9.97067880207645,9,2,29.411399841309,50.648300170898,0.126407545802533,0,1,0,0,0,0,0,0,0,0,0,0,0,0,0,0,1,0
"TZA-1967","Tanzania","TZA",1967,"1946_1971",1,0,6.76503897678054,-6,2,NA,NA,0.000720355538571926,0,0,1,0,0,0,0,0,0,0,0,0,0,0,0,0,0,0
"IND-1969","India","IND",1969,"1946_1971",1,1,7.16239749735572,8,2,11.529700279236,38.770099639893,0.0447747226004901,0,0,1,0,0,0,0,0,0,0,0,0,0,0,0,0,0,0
"USA-1969","United States","USA",1969,"1946_1971",1,1,10.0728505081657,8,2,31.265399932861,45.913898468018,-0.0932539810389846,0,1,0,0,0,0,0,0,0,0,0,0,0,0,0,0,1,0
"CHL-1970","Chile","CHL",1970,"1946_1971",1,1,9.01030280937645,6,12,21.090000152588,26.32439994812,-0.242113629706326,0,0,1,0,0,0,0,0,0,0,0,0,0,0,0,0,0,1
"USA-1970","United States","USA",1970,"1946_1971",1,1,10.0939012792274,8,2,32.303600311279,46.363300323486,-0.165818545881301,0,1,0,0,0,1,0,0,0,0,0,0,0,0,0,0,1,0
"PHL-1971","Philippines","PHL",1971,"1946_1971",0,1,7.94165125293056,2,10,11.157699584961,14.812399864197,0.192981303563626,0,0,0,0,0,0,1,0,1,0,0,0,1,1,1,1,0,1
"URY-1971","Uruguay","URY",1971,"1946_1971",0,1,8.99093980694081,3,14,20.128799438477,9.3422400289851,0.0242055390141005,0,0,1,0,0,0,0,0,0,0,1,0,1,1,1,1,0,1
"MLT-1973","Malta","MLT",1973,"1972_1999",1,0,NA,NA,NA,NA,NA,1.02533128966726,0,0,1,0,0,0,0,0,0,0,0,0,0,0,0,0,0,NA
"AUS-1974","Australia","AUS",1974,"1972_1999",1,1,9.92949637171718,10,2,30.912183761597,22.341989800824,-0.25808824259761,1,1,0,0,0,0,0,0,0,0,0,0,0,0,0,0,0,0
"FRA-1974","France","FRA",1974,"1972_1999",1,1,9.92529796679998,9,8,19.874799728394,15.4202003479,-0.398745086128158,0,0,0,1,0,0,0,1,0,0,0,0,0,0,0,0,1,1
"G-1974","G10",NA,1974,"1972_1999",1,0,NA,NA,NA,NA,NA,NA,1,0,0,0,0,0,0,1,0,0,0,0,0,0,0,0,0,NA
"GBR-1974","United Kingdom","GBR",1974,"1972_1999",0,1,9.86099750091518,10,12,47.778400421143,56.266715275619,-0.357885277643972,1,1,1,0,0,0,0,1,1,0,1,1,3,3,3,3,1,1
"ITA-1974","Italy","ITA",1974,"1972_1999",1,1,9.7380231128086,10,8,34.777599334717,50.424107358044,-0.394765263737184,1,1,0,1,0,0,0,0,0,0,0,0,0,0,0,0,1,1
"PAK-1974","Pakistan","PAK",1974,"1972_1999",1,1,7.32712329225929,8,2,15.290200233459,42.111696898839,-0.123818618455162,1,0,0,1,0,0,0,0,0,0,0,0,0,0,0,0,0,0
"SWE-1974","Sweden","SWE",1974,"1972_1999",1,1,9.97622673117643,10,8,30.068687438965,19.384399414062,-0.317071794331218,0,0,1,1,0,0,0,0,0,0,0,0,0,0,0,0,0,1
"USA-1974","United States","USA",1974,"1972_1999",1,1,10.1887416799132,10,13,32.71369934082,41.443099975586,-0.342399331204176,0,1,0,0,0,0,0,0,0,0,0,0,0,0,0,0,1,1
"CHE-1975","Switzerland","CHE",1975,"1972_1999",1,1,10.154956928812,10,12,29.311899185181,42.251399993896,-0.585747973737688,0,0,0,1,0,0,0,0,0,0,0,0,0,0,0,0,0,1
"PRT-1975","Portugal","PRT",1975,"1972_1999",1,1,9.32670017309238,3,10,31.883499145508,19.166700363159,-0.992262520516362,0,0,0,1,0,0,0,0,0,0,0,0,0,0,0,0,0,1
"CAF-1976","Central African Republic","CAF",1976,"1972_1999",0,0,7.18765716411496,-7,1,NA,NA,0.245177800437187,0,0,0,0,0,0,1,0,0,1,1,0,2,2,1,1,0,0
"CHL-1976","Chile","CHL",1976,"1972_1999",0,1,8.81447900001071,-7,14,30.030000686646,19.540500640869,0.911568886735122,1,0,0,0,0,0,0,0,1,1,1,0,3,3,2,2,0,1
"USA-1976","United States","USA",1976,"1972_1999",1,1,10.1641580757411,10,13,33.964099884033,44.764598846436,0.164682104667112,0,1,0,1,0,0,0,0,0,0,0,0,0,0,0,0,1,1
"AUS-1977","Australia","AUS",1977,"1972_1999",1,1,9.98105026448392,10,8,34.083324432373,23.613116326838,-0.260097060491049,1,1,0,0,0,0,0,0,0,0,0,0,0,0,0,0,0,1
"DEU-1977","Germany","DEU",1977,"1972_1999",0,1,9.914328575714,10,13,49.040901184082,26.130363188932,-0.0719200130043053,0,0,0,0,0,0,1,0,0,0,1,0,1,1,1,1,1,1
"ESP-1977","Spain","ESP",1977,"1972_1999",0,1,9.47677327138879,5,8,12.826999664307,8.7526998519897,-0.69605571422858,1,0,1,1,0,0,0,0,1,1,1,1,4,4,3,3,1,1
"MYS-1977","Malaysia","MYS",1977,"1972_1999",1,0,8.44203851781548,4,8,NA,NA,0.290396229193359,0,1,0,0,0,0,0,0,0,0,0,0,0,0,0,0,0,1
"ZAF-1977","South Africa","ZAF",1977,"1972_1999",0,1,8.82497196556714,4,12,27.326999664307,45.261600494385,-0.312940115137325,0,1,0,1,0,0,0,0,0,0,1,0,1,1,1,1,0,1
"BEL-1978","Belgium","BEL",1978,"1972_1999",1,1,9.95346748484115,10,4,52.757999420166,65.154656,-0.237946767015013,1,0,0,0,0,0,0,0,0,0,0,0,0,0,0,0,0,0
"VEN-1978","Venezuela","VEN",1978,"1972_1999",0,1,9.780924360113,9,2,29.170999526978,16.566912311401,-0.694931716897594,1,1,0,1,0,0,0,0,1,0,0,0,1,1,1,1,0,0
"AUS-1979","Australia","AUS",1979,"1972_1999",1,1,9.99643129817887,10,8,32.516582489014,22.863460820683,-0.168068639058669,0,1,0,0,0,0,0,0,0,0,0,0,0,0,0,0,0,1
"IRN-1979","Iran","IRN",1979,"1972_1999",1,0,9.07222706984655,-6,12,NA,NA,-2.04791869810561,0,0,1,1,0,0,0,0,0,0,0,0,0,0,0,0,0,1
"ARG-1980","Argentina","ARG",1980,"1972_1999",0,1,9.48143564082356,-9,5,15.173999786377,11.39999961853,-0.73839877231455,1,1,1,0,0,0,0,0,1,1,1,0,3,3,2,2,0,0
"BEL-1980","Belgium","BEL",1980,"1972_1999",1,1,10.0030613574322,10,4,54.890598297119,76.796832910157,-0.308498967784424,0,1,0,1,0,0,0,0,0,0,0,0,0,0,0,0,0,0
"EGY-1980","Egypt","EGY",1980,"1972_1999",0,0,8.03138533062553,-6,10,NA,NA,0.205487578107274,0,0,0,0,0,0,1,0,0,1,1,0,2,2,1,1,0,1
"IND-1980","India","IND",1980,"1972_1999",1,1,7.26332961747684,8,8,17.47979927063,37.378346341597,0.501418969388452,0,0,0,1,0,0,0,0,0,0,0,0,0,0,0,0,0,1
"MAR-1980","Morocco","MAR",1980,"1972_1999",0,0,8.12622252945853,-8,11,NA,NA,-0.110911204318842,0,0,0,0,0,0,1,0,0,1,0,0,1,1,1,0,0,1
"THA-1980","Thailand","THA",1980,"1972_1999",0,1,8.28878581042693,2,4,18.732099533081,22.147499084473,-0.24242901884629,1,1,0,1,0,0,0,0,1,0,1,0,2,2,2,2,0,0
"URY-1980","Uruguay","URY",1980,"1972_1999",0,1,9.20693457884135,-7,5,21.800399780273,4.6104107297376,-0.425946256348905,0,1,1,0,1,0,0,0,0,1,1,0,2,2,1,1,0,0
"USA-1980","United States","USA",1980,"1972_1999",1,1,10.3072512140045,10,13,34.286201477051,41.865699768066,-0.359173245578807,1,1,0,0,0,0,0,0,0,0,0,0,0,0,0,0,1,1
"AUT-1981","Austria","AUT",1981,"1972_1999",1,1,9.99570203652394,10,4,51.520999908447,37.26927874094,-0.439477920801567,0,0,1,1,0,0,0,0,0,0,0,0,0,0,0,0,0,0
"CHL-1981","Chile","CHL",1981,"1972_1999",0,1,9.10764297373784,-7,2,26.379999160767,14.019000053406,-0.67359262562874,1,0,1,0,0,0,0,0,1,1,1,0,3,3,2,2,0,0
"ECU-1981","Ecuador","ECU",1981,"1972_1999",0,0,8.79209392950328,9,2,NA,NA,-0.606038565980966,0,1,0,0,0,0,0,0,0,1,1,0,2,2,1,1,0,0
"MEX-1981","Mexico","MEX",1981,"1972_1999",0,1,9.2032150470336,-3,7,20.121299743652,41.687900543213,-0.551855496829628,0,0,1,0,0,0,0,0,1,1,1,0,3,3,2,2,0,1
"PHL-1981","Philippines","PHL",1981,"1972_1999",0,1,8.2393294279018,-8,10,13.678359985352,27.560499191284,-0.608164519241551,0,1,1,1,1,0,0,0,1,1,1,0,3,3,2,2,0,1
"CAN-1982","Canada","CAN",1982,"1972_1999",0,1,10.1756498133299,10,8,47.257499694824,52.66849899292,-0.322116529532288,0,1,0,1,0,0,0,0,1,0,0,0,1,1,1,1,0,1
"COL-1982","Colombia","COL",1982,"1972_1999",0,1,8.82202732268558,8,8,10.60000038147,8.8000001907349,-0.45134764986082,1,1,1,1,0,1,0,0,1,1,1,0,3,3,2,2,0,1
"DNK-1982","Denmark","DNK",1982,"1972_1999",1,1,10.088430670035,10,7,57.737701416016,64.4514,0.223112118656546,0,0,1,0,0,0,0,0,0,0,0,0,0,0,0,0,0,1
"FRA-1982","France","FRA",1982,"1972_1999",1,1,10.0713297880652,9,7,49.870399475098,25.274200439453,-0.269355271046785,0,0,1,0,0,0,0,0,0,0,0,0,0,0,0,0,1,1
"GHA-1982","Ghana","GHA",1982,"1972_1999",0,1,7.50659178007084,-7,14,4.7645321300573,8.5787640890688,-0.540839279904516,0,0,0,0,1,0,0,0,0,1,0,0,1,1,1,0,0,1
"HKG-1982","Hong Kong","HKG",1982,"1972_1999",0,0,NA,NA,NA,NA,NA,-0.404916004078409,0,1,1,0,0,0,0,0,1,0,0,0,1,1,1,1,0,NA
"ITA-1982","Italy","ITA",1982,"1972_1999",1,1,9.95422819423931,10,12,46.706600189209,61.466772430228,-0.317512972527484,1,1,0,1,0,0,0,0,0,0,0,0,0,0,0,0,1,1
"KWT-1982","Kuwait","KWT",1982,"1972_1999",0,0,9.70515855759636,-8,7,NA,NA,-0.0231814013088228,0,1,0,0,0,1,0,0,0,1,0,0,1,1,1,0,0,1
"SGP-1982","Singapore","SGP",1982,"1972_1999",0,0,9.57045937831747,-4,11,NA,NA,-0.773474582693892,0,1,0,0,0,0,0,0,0,0,1,0,1,1,1,1,0,1
"TUN-1982","Tunisia","TUN",1982,"1972_1999",0,0,8.48260174664662,-8,8,NA,NA,-0.616340746105768,0,0,0,0,0,1,0,0,0,0,1,0,1,1,1,1,0,1
"TUR-1982","Turkey","TUR",1982,"1972_1999",0,1,8.73246584834988,-5,12,19.199499130249,33.426998138428,-0.0485122972829284,0,1,0,0,0,0,0,0,1,1,1,0,3,3,2,2,0,1
"YUG-1982","Yugoslavia","YUG",1982,"1972_1999",1,0,9.22088458585185,-5,NA,NA,NA,-0.717422896236286,0,1,0,0,0,0,0,0,0,0,0,0,0,0,0,0,0,NA
"CAN-1983","Canada","CAN",1983,"1972_1999",0,1,10.1326529361688,10,8,47.887901306152,58.402599334717,0.125465875530465,1,1,0,1,1,0,0,0,0,0,1,0,1,1,1,1,0,1
"COD-1983","DR Congo","COD",1983,"1972_1999",0,0,6.82437367004309,-9,14,NA,NA,0.228512978901434,0,0,0,1,0,1,0,0,0,1,0,0,1,1,1,0,0,1
"DEU-1983","Germany","DEU",1983,"1972_1999",1,1,10.0159229818659,10,13,47.919101715088,38.104848833883,-0.0501583111419612,0,1,1,0,0,0,0,0,0,0,0,0,0,0,0,0,1,1
"GNQ-1983","Equatorial Guinea","GNQ",1983,"1972_1999",0,0,7.83715965000168,-7,8,NA,NA,-0.181063915106305,0,0,0,1,0,0,0,0,0,1,0,0,1,1,1,0,0,1
"HKG-1983","Hong Kong","HKG",1983,"1972_1999",1,0,NA,NA,NA,NA,NA,-0.106526169954595,1,0,0,0,0,0,0,0,0,0,0,0,0,0,0,0,0,NA
"ISR-1983","Israel","ISR",1983,"1972_1999",0,0,9.80670128384844,6,14,NA,260.45700073242,-0.433771811208174,0,0,1,0,0,1,0,0,1,1,1,0,3,3,2,2,0,1
"KOR-1983","Korea","KOR",1983,"1972_1999",0,1,8.82783098845354,-5,7,16.045600891113,19.733153594075,0.368307476167629,0,0,0,0,0,0,1,0,0,0,1,0,1,1,1,1,0,1
"MAR-1983","Morocco","MAR",1983,"1972_1999",0,0,8.22282213081366,-8,11,NA,NA,-0.432693073574065,0,0,0,0,0,1,0,0,0,0,1,0,1,1,1,1,0,1
"NER-1983","Niger","NER",1983,"1972_1999",0,0,7.11558212618445,-7,1,NA,NA,-0.826743381646476,0,0,0,0,0,0,1,0,0,1,0,0,1,1,1,0,0,0
"PER-1983","Peru","PER",1983,"1972_1999",0,1,8.82025636590632,7,14,19.417360305786,56.177700042725,-0.613386331998252,0,1,1,0,0,0,0,0,1,1,1,0,3,3,2,2,0,1
"TCD-1983","Chad","TCD",1983,"1972_1999",0,0,6.26149168432104,0,1,NA,NA,1.47481197206667,0,0,0,0,0,0,1,0,0,1,0,0,1,1,1,0,0,0
"THA-1983","Thailand","THA",1983,"1972_1999",0,1,8.38366179879172,2,4,19.54400062561,28.920400619507,-0.0333150200109875,0,1,1,0,0,0,0,0,1,1,1,0,3,3,2,2,0,0
"TWN-1983","Taiwan","TWN",1983,"1972_1999",0,0,9.09492952046486,-7,NA,NA,NA,0.196109688468439,0,0,0,0,0,1,0,0,1,0,1,0,2,2,2,2,0,NA
"DNK-1984","Denmark","DNK",1984,"1972_1999",1,1,10.1444710219787,10,7,56.640201568604,77.7154,0.219914915397911,1,1,0,1,0,0,0,0,0,0,0,0,0,0,0,0,0,1
"GBR-1984","United Kingdom","GBR",1984,"1972_1999",0,1,9.96955615250583,10,12,50.274200439453,41.583948530152,0.269513518931716,1,1,0,0,0,0,0,0,0,0,1,1,2,2,2,2,1,1
"MRT-1984","Mauritania","MRT",1984,"1972_1999",0,0,7.34794382314869,-7,10,NA,NA,-0.144755639584597,0,0,0,0,0,0,1,0,0,1,0,0,1,1,1,0,0,1
"PHL-1984","Philippines","PHL",1984,"1972_1999",1,1,8.25244609024695,-6,14,10.145669937134,45.778198242188,-1.09103239529378,0,1,0,0,0,0,0,0,0,0,0,0,0,0,0,0,0,1
"USA-1984","United States","USA",1984,"1972_1999",0,1,10.3142055069257,10,13,36.151798248291,50.584098815918,0.373158188799228,1,1,1,0,0,1,0,0,1,1,1,1,4,4,3,3,1,1
"ARG-1985","Argentina","ARG",1985,"1972_1999",0,1,9.37898549795389,8,2,14.747400283813,55.229999542236,-0.350260664801642,0,0,0,0,0,0,1,0,1,0,1,0,2,2,2,2,0,0
"BRA-1985","Brazil","BRA",1985,"1972_1999",0,1,8.91435727448502,7,14,11.10000038147,52.599998474121,-0.0563844130019077,1,0,0,0,0,0,0,0,1,0,1,0,2,2,2,2,0,1
"GIN-1985","Guinea","GIN",1985,"1972_1999",0,0,6.71417052990947,-7,15,NA,NA,0.0360995172957225,1,0,1,1,0,0,0,0,0,1,0,0,1,1,1,0,0,1
"ISL-1985","Iceland","ISL",1985,"1972_1999",0,0,NA,NA,NA,NA,NA,-0.105065497036801,0,1,0,1,0,0,0,0,1,0,0,0,1,1,1,1,0,NA
"KEN-1985","Kenya","KEN",1985,"1972_1999",0,1,7.37400185935016,-7,2,15.587737567605,28.830031660664,0.179744383515554,0,0,0,1,0,0,0,0,0,1,1,0,2,2,1,1,0,0
"KOR-1985","Korea","KOR",1985,"1972_1999",0,1,9.02443467983592,-5,7,15.519399642944,16.630321900562,0.273115842117427,0,1,0,1,0,0,0,0,0,0,1,0,1,1,1,1,0,1
"MYS-1985","Malaysia","MYS",1985,"1972_1999",0,0,8.83448260862068,4,8,NA,NA,-0.792798457154874,1,1,1,1,0,1,0,1,1,0,1,0,2,2,2,2,0,1
"URY-1985","Uruguay","URY",1985,"1972_1999",1,1,9.08307502093031,9,14,24.634599685669,29.157293192795,0.478907347444769,0,0,1,0,0,1,0,0,0,0,0,0,0,0,0,0,0,1
"VEN-1985","Venezuela","VEN",1985,"1972_1999",1,1,9.51760445915569,9,12,20.344100952148,34.102600401105,0.0713089570181279,1,1,0,0,0,0,0,0,0,0,0,0,0,0,0,0,0,1
"ZAF-1985","South Africa","ZAF",1985,"1972_1999",0,1,8.80567494403858,4,12,26.802900314331,26.343099594116,-0.344457682352512,0,1,0,0,0,1,0,0,0,0,1,0,1,1,1,1,0,1
"KWT-1986","Kuwait","KWT",1986,"1972_1999",1,0,9.47385781742867,-10,7,NA,NA,0.797258961185386,0,1,0,0,0,0,0,0,0,0,0,0,0,0,0,0,0,1
"PRT-1986","Portugal","PRT",1986,"1972_1999",0,1,9.490997829491,10,8,38.91370010376,59.7698,0.446911983304432,0,0,0,0,0,0,1,0,0,0,1,0,1,1,1,1,0,1
"BGD-1987","Bangladesh","BGD",1987,"1972_1999",0,0,6.8501261661455,-5,7,NA,NA,0.209071460169973,0,1,0,0,0,0,0,0,0,1,0,0,1,1,1,0,0,1
"BOL-1987","Bolivia","BOL",1987,"1972_1999",0,1,8.10349427838097,9,10,24.419201561121,145.34399414062,0.273849847266869,0,0,0,0,1,0,0,1,0,1,1,0,2,2,1,1,0,1
"CHE-1987","Switzerland","CHE",1987,"1972_1999",0,1,10.3368270126333,10,11,29.752599716187,36.466400146484,0.142065695636354,1,1,0,1,1,0,0,0,1,0,0,0,1,1,1,1,0,1
"CMR-1987","Cameroon","CMR",1987,"1972_1999",0,0,7.89469085042562,-9,1,NA,NA,-1.63762201062206,0,0,1,1,0,0,0,0,0,1,0,0,1,1,1,0,0,0
"CRI-1987","Costa Rica","CRI",1987,"1972_1999",0,1,8.86601739881026,10,10,27.202199935913,21.1844867035,0.0987556607031381,0,1,0,0,0,1,0,0,0,1,1,0,2,2,1,1,0,1
"DNK-1987","Denmark","DNK",1987,"1972_1999",0,1,10.2639901616092,10,7,53.989601135254,62.5083,-0.245962716744745,1,1,1,1,0,0,0,0,1,0,1,1,3,3,3,3,0,1
"MLI-1987","Mali","MLI",1987,"1972_1999",0,0,7.03702761468628,-7,1,NA,NA,-0.0611751548245894,0,0,0,0,0,0,1,0,0,1,0,0,1,1,1,0,0,0
"MOZ-1987","Mozambique","MOZ",1987,"1972_1999",0,0,7.2991214627108,-7,14,NA,NA,1.38987841654159,0,0,0,0,0,0,1,0,0,1,0,0,1,1,1,0,0,1
"NIC-1987","Nicaragua","NIC",1987,"1972_1999",0,0,8.01002752848173,-1,14,NA,266.58801269531,-0.521003253043609,0,1,0,0,0,0,0,0,0,1,1,0,2,2,1,1,0,1
"NOR-1987","Norway","NOR",1987,"1972_1999",0,1,10.2577997072857,10,12,50.473701477051,31.260499954224,-0.406199104429724,1,1,1,1,0,0,0,0,1,1,1,1,4,4,3,3,0,1
"NZL-1987","New Zealand","NZL",1987,"1972_1999",0,1,10.0044182711146,10,12,46.152167191384,62.966786015992,-0.249139042556133,0,1,1,0,1,0,0,0,1,0,1,0,2,2,2,2,0,1
"PER-1987","Peru","PER",1987,"1972_1999",1,1,8.74671634969449,7,14,15.458359718323,39.088401794434,-0.643246014297722,0,0,0,1,0,0,0,0,0,0,0,0,0,0,0,0,0,1
"BEN-1988","Benin","BEN",1988,"1972_1999",0,0,7.48549160803075,-7,1,NA,NA,-0.0844776182497411,0,0,0,1,1,0,0,0,0,1,0,0,1,1,1,0,0,0
"CAF-1988","Central African Republic","CAF",1988,"1972_1999",0,1,6.98378996525813,-7,1,21.43271029791,48.756173091983,-0.00743040868622521,0,0,0,1,0,0,0,0,0,0,1,0,1,1,1,1,0,0
"CIV-1988","Cote d<U+2019>Ivoire","CIV",1988,"1972_1999",0,0,7.85515700588134,-9,1,NA,NA,-0.655350881186167,0,0,1,0,1,0,0,0,0,1,0,0,1,1,1,0,0,0
"GRC-1988","Greece","GRC",1988,"1972_1999",1,1,9.61206516046862,10,8,33.636632075973,57.554344584355,0.152026106302821,0,0,0,0,0,0,1,0,0,0,0,0,0,0,0,0,0,1
"ISR-1988","Israel","ISR",1988,"1972_1999",1,1,9.91323984397881,6,8,46.464099884033,145.35699462891,-0.170089510852174,0,1,1,1,0,1,0,0,0,0,0,0,0,0,0,0,0,1
"MDG-1988","Madagascar","MDG",1988,"1972_1999",0,1,7.13727843726039,-6,12,11.429660963814,126.57437930826,0.22207695404159,0,1,1,1,0,0,0,0,0,1,0,0,1,1,1,0,0,1
"NPL-1988","Nepal","NPL",1988,"1972_1999",0,0,7.09672137849476,-2,8,NA,NA,0.31286446183029,0,0,1,1,0,0,0,0,0,1,0,0,1,1,1,0,0,1
"PAN-1988","Panama","PAN",1988,"1972_1999",0,0,8.94285300680992,-8,1,41.847400665283,NA,-0.57585177728884,0,0,0,0,0,1,0,0,0,1,1,0,2,2,1,1,0,0
"SEN-1988","Senegal","SEN",1988,"1972_1999",0,0,7.6246189861594,-1,1,NA,NA,-0.0125349374064991,0,0,1,1,1,0,0,0,0,1,0,0,1,1,1,0,0,0
"VEN-1988","Venezuela","VEN",1988,"1972_1999",0,1,9.53719507950244,9,14,33.209745116696,46.294135788621,0.0978289472659434,0,0,0,0,0,0,1,0,1,0,0,0,1,1,1,1,0,1
"ARG-1989","Argentina","ARG",1989,"1972_1999",0,1,9.32758993202642,7,14,11.013199806213,118.2200012207,0.194425782962324,0,0,0,0,0,0,1,0,1,1,0,0,2,2,1,1,0,1
"AUS-1989","Australia","AUS",1989,"1972_1999",0,1,10.19249374795,10,13,34.454963684082,17.032994544951,-0.110098957876661,1,1,1,1,0,0,0,0,1,0,1,1,3,3,3,3,0,1
"JOR-1989","Jordan","JOR",1989,"1972_1999",0,1,8.93208043810331,-4,10,41.483901746751,190.72035730601,-1.60178372335036,0,1,0,0,0,0,0,0,0,1,1,0,2,2,1,1,0,1
"SLV-1989","El Salvador","SLV",1989,"1972_1999",0,0,8.11492297420459,6,12,NA,NA,0.499289094472413,0,0,0,0,0,0,1,0,0,0,1,0,1,1,1,1,0,1
"SVN-1989","Sri Lanka","SVN",1989,"1972_1999",0,0,NA,NA,NA,NA,NA,-1.03123779315543,0,1,1,1,0,0,0,0,0,1,1,0,2,2,1,1,0,NA
"ZAF-1989","South Africa","ZAF",1989,"1972_1999",0,1,8.75131624677346,4,15,29.601499557495,33.328899383545,-0.150323644019165,0,0,0,0,0,0,1,0,0,0,1,0,1,1,1,1,0,1
"BFA-1990","Burkina Faso","BFA",1990,"1972_1999",0,1,7.20191631753163,-7,1,18.422481371017,25.601212937062,-0.47072543949334,0,0,0,1,1,0,0,0,0,1,0,0,1,1,1,0,0,0
"BRA-1990","Brazil","BRA",1990,"1972_1999",0,0,9.02797881438221,8,14,NA,40.599998474121,-0.430818667198157,0,0,0,0,0,1,0,0,1,1,1,0,3,3,2,2,0,1
"DZA-1990","Algeria","DZA",1990,"1972_1999",0,1,8.49474306257865,-2,12,25.25974025974,69.043442878483,-0.346023309218509,0,1,1,0,0,0,0,0,0,1,1,0,2,2,1,1,0,1
"GHA-1990","Ghana","GHA",1990,"1972_1999",1,1,7.42952084278646,-7,14,7.0963661674842,24.146819315117,0.536903193442513,0,0,1,1,1,0,0,0,0,0,0,0,0,0,0,0,0,1
"ITA-1990","Italy","ITA",1990,"1972_1999",0,1,10.144628180552,10,8,52.860599517822,94.765692413213,-0.117242531311365,1,0,0,1,0,0,0,0,1,0,1,1,3,3,3,3,1,1
"LBN-1990","Lebanon","LBN",1990,"1972_1999",0,0,7.81923445385907,NA,14,39.979313178852,99.69524671853,5.16409810731873,0,1,0,0,0,0,0,0,0,1,0,0,1,1,1,0,0,1
"MEX-1990","Mexico","MEX",1990,"1972_1999",1,1,9.14761354206788,0,5,16.566299438477,37.789961381521,0.245438935138781,0,0,0,0,1,0,0,0,0,0,0,0,0,0,0,0,0,0
"ROU-1990","Romania","ROU",1990,"1972_1999",0,0,8.68980105602255,5,14,NA,NA,-0.968407801755837,1,1,1,1,1,0,0,0,0,1,1,0,2,2,1,1,0,1
"SLE-1990","Sierra Leone","SLE",1990,"1972_1999",0,0,7.40367029001237,-7,14,NA,NA,-0.554032615568994,0,0,1,1,0,0,0,0,0,1,0,0,1,1,1,0,0,1
"TWN-1990","Taiwan","TWN",1990,"1972_1999",1,0,9.62924805578084,-1,NA,NA,NA,-0.2309945845206,0,0,0,0,0,1,0,0,0,0,0,0,0,0,0,0,0,NA
"BGR-1991","Bulgaria","BGR",1991,"1972_1999",1,0,9.09627541568821,7,14,NA,NA,-0.37464210273169,1,0,0,0,0,0,0,0,0,0,0,0,0,0,0,0,0,1
"COD-1991","DR Congo","COD",1991,"1972_1999",0,0,6.70073110954781,-8,14,NA,NA,-0.909386343683232,0,0,1,0,0,0,0,0,0,1,0,0,1,1,1,0,0,1
"CZE-1991","Czechoslovakia","CZE",1991,"1972_1999",0,0,9.55944674641496,7,8,NA,NA,-0.570529784775591,1,0,1,1,1,0,0,0,1,1,0,0,2,2,1,1,0,1
"DJI-1991","Djibouti","DJI",1991,"1972_1999",0,0,7.74413662762799,-8,2,27.704254831574,NA,0.367125866334723,0,0,0,0,0,0,1,0,0,1,0,0,1,1,1,0,0,0
"EGY-1991","Egypt","EGY",1991,"1972_1999",0,0,8.2995345703326,-6,10,NA,NA,0.0544553001051883,1,1,0,0,0,0,0,0,0,0,1,0,1,1,1,1,0,1
"FIN-1991","Finland","FIN",1991,"1972_1999",0,1,10.1992865930899,10,8,56.68,21.893661006849,-0.798551047060054,1,1,1,0,1,0,0,0,1,1,1,0,3,3,2,2,0,1
"GBR-1991","United Kingdom","GBR",1991,"1972_1999",0,1,10.1730947542604,10,9,42.748199462891,27.781432639947,-0.259341205513151,0,1,0,0,0,0,0,0,1,0,1,1,3,3,3,3,1,1
"GEO-1991","Georgia","GEO",1991,"1972_1999",0,0,9.40426106461349,3,14,NA,NA,NA,0,0,0,1,0,0,0,0,0,1,0,0,1,1,1,0,0,1
"GRC-1991","Greece","GRC",1991,"1972_1999",0,1,9.67809146616862,10,4,35.001092705896,75.317780919969,-0.0592806034562743,0,0,0,0,0,0,1,0,0,0,1,0,1,1,1,1,0,0
"GTM-1991","Guatemala","GTM",1991,"1972_1999",0,0,8.54966038155374,3,7,NA,NA,0.234077669706802,0,0,0,1,0,0,0,0,0,0,1,0,1,1,1,1,0,1
"HKG-1991","Hong Kong","HKG",1991,"1972_1999",0,0,NA,NA,NA,NA,NA,-0.468144971975365,0,0,0,1,0,0,0,0,1,0,0,0,1,1,1,1,0,NA
"HRV-1991","Croatia","HRV",1991,"1972_1999",1,0,9.46869661504613,-3,15,NA,NA,-1.46189590378748,0,1,0,0,0,1,0,0,0,0,0,0,0,0,0,0,0,1
"HUN-1991","Hungary","HUN",1991,"1972_1999",0,0,9.23951074927596,10,10,NA,74.238567686787,-0.483958418692906,1,1,0,0,1,0,0,0,1,1,1,0,3,3,2,2,0,1
"LBR-1991","Liberia","LBR",1991,"1972_1999",0,0,7.43248380791712,0,15,NA,NA,-1.88750112296168,0,0,0,0,0,0,1,0,0,1,0,0,1,1,1,0,0,1
"POL-1991","Poland","POL",1991,"1972_1999",0,0,9.00577320623491,8,14,NA,77.177740907384,0.261629501644892,1,0,1,0,0,1,0,0,0,1,1,0,2,2,1,1,0,1
"SWE-1991","Sweden","SWE",1991,"1972_1999",0,1,10.2423854163722,10,8,40.97883605957,40.187099456787,-0.327066928351588,1,1,1,0,1,0,0,0,1,1,1,1,4,4,3,3,0,1
"TUN-1991","Tunisia","TUN",1991,"1972_1999",0,1,8.57847641983314,-6,8,27.628019109944,63.295683874263,0.151361690910982,0,1,0,0,1,1,0,0,0,1,1,0,2,2,1,1,0,1
"TUR-1991","Turkey","TUR",1991,"1972_1999",0,1,9.06021491339854,9,14,18.237613677979,28.35530090332,0.0250962562344567,0,0,0,0,0,0,1,0,1,0,1,0,2,2,2,2,0,1
"TZA-1991","Tanzania","TZA",1991,"1972_1999",0,1,6.77422388635761,-6,12,14.163442987345,106.50865855676,0.257353391084755,0,0,0,0,1,0,0,0,0,1,0,0,1,1,1,0,0,1
"AGO-1992","Angola","AGO",1992,"1972_1999",0,0,7.27041531646264,0,14,NA,NA,-0.459938376436514,0,0,0,1,0,0,0,0,0,0,1,0,1,1,1,1,0,1
"BIH-1992","Bosnia","BIH",1992,"1972_1999",0,0,8.54265417215082,0,15,NA,NA,-1.49680920642123,0,0,0,1,0,0,0,0,0,1,0,0,1,1,1,0,0,1
"CHN-1992","China","CHN",1992,"1972_1999",0,0,8.0233279569978,-7,12,14.749496955894,NA,0.362227687972296,0,0,1,0,0,0,0,0,0,0,1,0,1,1,1,1,0,1
"COG-1992","Congo, Rep.","COG",1992,"1972_1999",0,1,8.25908915726694,5,1,32.766469533681,129.84222203893,-0.36535419215739,0,0,0,0,0,0,1,0,0,1,0,0,1,1,1,0,0,0
"EST-1992","Estonia","EST",1992,"1972_1999",0,0,9.6389121137235,6,2,NA,NA,NA,0,0,1,0,1,1,0,0,0,1,0,0,1,1,1,0,0,0
"IDN-1992","Indonesia","IDN",1992,"1972_1999",0,1,8.36887365405091,-7,7,16.824199676514,42.618698120117,0.432206455905164,1,1,1,0,0,0,0,0,1,0,1,0,2,2,2,2,0,1
"JPN-1992","Japan","JPN",1992,"1972_1999",0,1,10.3364845135712,10,13,30.235477041652,66.637868674027,-0.424209500033888,0,1,1,1,0,0,0,0,1,1,1,1,4,4,3,3,1,1
"KEN-1992","Kenya","KEN",1992,"1972_1999",0,1,7.48312281137996,-5,14,17.601419471529,41.160661170219,-0.224782946207913,0,1,0,1,0,0,0,0,0,1,1,0,2,2,1,1,0,1
"LKA-1992","Sao Tome and Principe","LKA",1992,"1972_1999",0,1,8.34640057623931,5,7,23.028309006429,77.941862504221,-0.198093125848036,0,0,0,0,0,0,1,0,0,1,0,0,1,1,1,0,0,1
"MEX-1992","Mexico","MEX",1992,"1972_1999",0,1,9.21119507661209,0,4,13.37469959259,22.793490495808,-0.0502970598496893,0,0,0,0,0,1,0,0,0,0,1,0,1,1,1,1,0,0
"NGA-1992","Nigeria","NGA",1992,"1972_1999",0,1,7.47250273450249,-5,14,22.457421870878,70.16448882781,0.455433103885809,0,0,0,1,0,0,0,0,0,1,1,0,2,2,1,1,0,1
"TCD-1992","Chad","TCD",1992,"1972_1999",0,0,6.55576036659153,-3,1,NA,NA,0.217813291254945,0,1,0,0,0,0,0,0,0,1,0,0,1,1,1,0,0,0
"CPV-1993","Cape Verde","CPV",1993,"1972_1999",0,0,7.61559203745144,8,4,NA,NA,0.459949619722866,0,0,0,0,0,0,1,0,0,0,0,0,0,1,1,0,0,0
"ERI-1993","Eritrea","ERI",1993,"1972_1999",0,0,NA,NA,NA,NA,NA,NA,0,0,0,0,0,0,1,0,0,1,0,0,1,1,1,0,0,NA
"ESP-1993","Spain","ESP",1993,"1972_1999",1,1,9.91981196628607,10,8,41.239101409912,52.193801879883,-0.153182125642342,0,0,1,1,0,0,0,0,0,0,0,0,0,0,0,0,1,1
"GIN-1993","Guinea","GIN",1993,"1972_1999",0,1,6.72530587401595,-5,8,13.296156772314,68.912009168941,0.496031911079292,0,0,1,1,0,0,0,0,0,1,0,0,1,1,1,0,0,1
"GUY-1993","Guyana","GUY",1993,"1972_1999",0,0,NA,NA,NA,NA,NA,NA,0,0,0,0,0,0,1,0,0,1,0,0,1,1,1,0,0,NA
"IND-1993","India","IND",1993,"1972_1999",0,1,7.65693178620293,8,4,25.742052383607,76.978197148712,0.20461071643232,0,0,1,1,0,0,0,1,1,1,1,0,3,3,2,2,0,0
"ISL-1993","Iceland","ISL",1993,"1972_1999",0,0,NA,NA,NA,NA,NA,-0.0276244344970143,0,0,1,0,0,0,0,0,1,0,1,0,2,2,2,2,0,NA
"MKD-1993","Macedonia","MKD",1993,"1972_1999",0,0,8.98614600624984,6,14,NA,NA,-0.433821282110827,0,0,0,0,0,0,1,0,0,1,0,0,1,1,1,0,0,1
"SVK-1993","Slovenia","SVK",1993,"1972_1999",0,0,9.19407021794325,7,8,NA,NA,NA,0,0,1,1,1,0,0,0,0,1,0,0,1,1,1,0,0,1
"TGO-1993","Togo","TGO",1993,"1972_1999",0,1,7.0748543087891,-2,1,14.786414258903,58.297305652081,0.133134189505237,0,0,0,0,0,0,1,0,0,1,0,0,1,1,1,0,0,0
"VEN-1993","Venezuela","VEN",1993,"1972_1999",0,1,9.60922496927115,8,14,27.666993725813,57.746981126923,0.0251824434852089,1,1,1,0,0,0,0,0,1,1,1,0,3,3,2,2,0,1
"ALB-1994","Albania","ALB",1994,"1972_1999",0,0,8.05102982690568,5,13,NA,NA,1.03650037264756,0,0,0,0,0,0,1,0,0,1,0,0,1,1,1,0,0,1
"ARM-1994","Armenia","ARM",1994,"1972_1999",0,0,8.32606832696642,6,14,NA,NA,NA,0,0,0,0,0,0,1,0,0,1,1,0,2,2,1,1,0,1
"BDI-1994","Burundi","BDI",1994,"1972_1999",0,1,6.9806482418824,0,10,22.550763548914,119.62528217617,-0.917995039482877,0,0,0,0,0,0,1,0,0,1,0,0,1,1,1,0,0,1
"BOL-1994","Bolivia","BOL",1994,"1972_1999",0,1,8.20802170664597,9,7,26.766650752803,87.561599731445,0.576771274120165,1,1,1,0,0,0,0,0,0,1,1,0,2,2,1,1,0,1
"BRA-1994","Brazil","BRA",1994,"1972_1999",0,0,9.00776332279813,8,14,NA,30,0.478016884733619,1,1,1,0,0,0,0,0,1,1,1,0,3,3,2,2,0,1
"COD-1994","DR Congo","COD",1994,"1972_1999",0,0,6.3345415314271,0,14,NA,NA,0.0415664348160631,0,0,0,1,0,0,0,0,0,1,1,0,2,2,1,1,0,1
"CRI-1994","Costa Rica","CRI",1994,"1972_1999",0,1,9.03163024610816,10,8,16.68630027771,26.974277346448,0.0949740388828402,1,0,0,1,0,0,0,0,0,1,1,0,2,2,1,1,0,1
"EST-1994","Estonia","EST",1994,"1972_1999",1,0,9.40977992625858,6,2,NA,NA,NA,0,1,0,0,0,1,0,0,0,0,0,0,0,0,0,0,0,0
"ETH-1994","Ethiopia","ETH",1994,"1972_1999",0,1,6.54997586820153,1,10,17.625160898843,144.79201291349,0.818094247054781,0,0,1,0,1,0,0,0,0,0,1,0,1,1,1,1,0,1
"FRA-1994","France","FRA",1994,"1972_1999",0,1,10.2518940171212,10,4,54.066200256348,49.227798461914,0.056002134023493,1,0,1,1,1,0,0,0,0,0,1,0,1,1,1,1,1,0
"HTI-1994","Haiti","HTI",1994,"1972_1999",0,0,7.27460484545046,6,14,NA,35.304601135285,0.0987707913102144,0,0,0,0,0,0,1,0,0,1,0,0,1,1,1,0,0,1
"IDN-1994","Indonesia","IDN",1994,"1972_1999",0,1,8.48407711737911,-7,7,13.523807090375,36.959499359131,0.120525190410073,0,0,0,0,0,0,1,0,0,0,1,0,1,1,1,1,0,1
"JAM-1994","Jamaica","JAM",1994,"1972_1999",1,1,8.76631243426189,9,8,20.418863650232,90.414460956858,-0.0500547217296107,1,0,0,1,0,0,0,0,0,0,0,0,0,0,0,0,0,1
"MEX-1994","Mexico","MEX",1994,"1972_1999",0,1,9.24549794752353,4,9,12.540599822998,28.156431728015,-0.00517867037564885,0,1,1,1,0,0,0,0,1,1,1,0,3,3,2,2,0,1
"MNG-1994","Mongolia","MNG",1994,"1972_1999",1,1,7.52089861777992,9,14,32.176905741236,57.646066144166,1.00926708592664,0,1,0,1,0,0,0,0,0,0,0,0,0,0,0,0,0,1
"TUR-1994","Turkey","TUR",1994,"1972_1999",0,1,9.19677889949242,8,14,20.475994110107,39.162601470947,-0.0806295253079472,1,0,0,0,0,0,0,0,1,0,1,0,2,2,2,2,0,1
"UGA-1994","Uganda","UGA",1994,"1972_1999",0,0,6.86608719746454,-4,10,NA,NA,0.75940074109868,0,0,1,0,0,0,0,0,0,1,0,0,1,1,1,0,0,1
"ARG-1995","Argentina","ARG",1995,"1972_1999",0,1,9.51571839836291,7,2,14.394200325012,34.389999389648,0.218370086144037,0,1,0,1,0,1,0,0,1,1,1,0,3,3,2,2,0,0
"AUT-1995","Austria","AUT",1995,"1972_1999",1,1,10.2674624012181,10,4,56.311000823975,67.864755938712,0.156186184061804,1,0,0,1,0,0,0,0,0,0,0,0,0,0,0,0,0,0
"AZE-1995","Azerbaijan","AZE",1995,"1972_1999",0,1,8.14710404950027,-6,14,18.665198237886,19.209110507077,NA,0,0,0,1,0,0,0,0,0,1,0,0,1,1,1,0,0,1
"BLR-1995","Belarus","BLR",1995,"1972_1999",0,0,8.97866061571129,0,14,NA,NA,NA,0,0,0,0,0,0,1,0,0,1,0,0,1,1,1,0,0,1
"CAF-1995","Central African Republic","CAF",1995,"1972_1999",0,1,6.85858331193526,5,1,20.569161218946,83.828781063132,0.240498967370083,0,0,0,0,0,0,1,0,0,1,0,0,1,1,1,0,0,0
"CMR-1995","Cameroon","CMR",1995,"1972_1999",0,0,7.38746001248212,-5,1,NA,NA,0.600331652364192,0,0,0,1,0,0,0,0,0,1,0,0,1,1,1,0,0,0
"EST-1995","Estonia","EST",1995,"1972_1999",1,1,9.39848333479148,6,2,39.527092236116,8.658979514725,NA,1,0,1,1,0,0,0,0,0,0,0,0,0,0,0,0,0,0
"GBR-1995","United Kingdom","GBR",1995,"1972_1999",0,1,10.2138190345868,10,12,43.90230178833,44.331058052478,0.103785888711119,0,0,0,0,0,0,0,1,0,0,1,0,1,1,1,1,1,1
"GNB-1995","Guinea-Bissau","GNB",1995,"1972_1999",0,1,7.15845718637709,2,15,8.1367604459256,103.33062892938,0.129513909207936,0,0,0,0,0,0,1,0,0,1,0,0,1,1,1,0,0,1
"HUN-1995","Hungary","HUN",1995,"1972_1999",0,1,9.18729930358559,10,8,55.229824193782,84.155560806054,0.690164819026562,0,0,1,1,0,0,0,0,1,0,0,0,1,1,1,1,0,1
"KAZ-1995","Kazakhstan","KAZ",1995,"1972_1999",1,0,9.00929959470887,-6,14,NA,NA,NA,0,1,1,1,1,0,0,0,0,0,0,0,0,0,0,0,0,1
"KGZ-1995","Kyrgyz Republic","KGZ",1995,"1972_1999",0,1,8.00430804829546,-3,14,37.875573207517,52.425662925346,NA,0,0,0,1,1,0,0,0,0,1,0,0,1,1,1,0,0,1
"LTU-1995","Lithuania","LTU",1995,"1972_1999",0,0,8.96571844032563,10,2,NA,NA,NA,0,0,0,0,0,1,0,0,0,1,0,0,1,1,1,0,0,0
"LVA-1995","Latvia","LVA",1995,"1972_1999",0,0,9.07156855226776,8,10,NA,NA,NA,1,1,1,0,0,0,0,0,0,1,0,0,1,1,1,0,0,1
"PRY-1995","Paraguay","PRY",1995,"1972_1999",0,1,8.57649941040383,7,7,16.001162548852,17.55729326394,-0.0927505566219121,1,1,1,0,0,0,0,0,0,1,1,0,2,2,1,1,0,1
"RUS-1995","Russia","RUS",1995,"1972_1999",0,0,9.07609408387477,3,14,NA,53.7,0.300946598468497,0,0,0,0,0,0,1,0,1,0,1,0,2,2,2,2,0,1
"SWZ-1995","Swaziland","SWZ",1995,"1972_1999",0,1,8.32705107762982,-7,2,19.295576898144,12.51165568091,0.240360443955941,0,0,0,1,0,0,0,0,0,1,0,0,1,1,1,0,0,0
"TWN-1995","Taiwan","TWN",1995,"1972_1999",0,0,9.91686104737524,7,NA,NA,NA,-0.289598690780146,0,1,0,1,0,0,0,0,1,0,1,0,2,2,2,2,0,NA
"ZMB-1995","Zambia","ZMB",1995,"1972_1999",0,0,7.04071308213567,6,14,NA,NA,0.867028016423555,0,0,1,1,0,0,0,0,0,1,0,0,1,1,1,0,0,1
"ZWE-1995","Zimbabwe","ZWE",1995,"1972_1999",0,0,7.65478061030808,-6,12,NA,NA,0.317121002539576,0,0,0,1,0,0,0,0,0,1,0,0,1,1,1,0,0,1
"BGR-1996","Bulgaria","BGR",1996,"1972_1999",0,1,9.05562651526125,8,14,43.997501373291,113.84217071533,-0.158540158669576,0,1,1,1,0,1,1,0,0,1,0,0,1,1,1,0,0,1
"CZE-1996","Czech Republic","CZE",1996,"1972_1999",0,1,9.58535346157723,10,10,41.696756329763,11.577226794515,0.308941598802038,1,1,0,1,0,0,0,0,1,1,0,0,2,2,1,1,0,1
"DOM-1996","Dominican Republic","DOM",1996,"1972_1999",0,1,8.48706976260311,8,8,11.372599601746,23.016500473022,0.933814388742706,0,1,1,0,0,0,0,0,0,0,1,0,1,1,1,1,0,1
"ECU-1996","Ecuador","ECU",1996,"1972_1999",0,1,8.85154253343325,9,10,21.757497623464,66.299917571603,-0.00989514946661411,1,1,1,0,0,1,0,0,0,1,1,0,2,2,1,1,0,1
"HRV-1996","Croatia","HRV",1996,"1972_1999",1,0,9.22820499510386,-5,8,44.945773484708,NA,1.34342719130597,0,0,1,1,0,0,0,0,0,0,0,0,0,0,0,0,0,1
"JAM-1996","Jamaica","JAM",1996,"1972_1999",0,1,8.80331652967282,9,8,28.074708199198,70.231641999869,-0.400867733585008,1,1,1,1,1,0,0,0,0,1,0,0,1,1,1,0,0,1
"MNG-1996","Mongolia","MNG",1996,"1972_1999",1,1,7.67221270384531,10,14,28.622217878652,49.662934312675,0.794316465456439,0,1,0,1,0,1,0,0,0,0,0,0,0,0,0,0,0,1
"THA-1996","Thailand","THA",1996,"1972_1999",0,1,9.21832920609439,9,4,17.761600494385,4.1556701660156,-1.20402626594519,1,1,1,1,1,1,0,0,1,1,1,0,3,3,2,2,0,0
"YEM-1996","Yemen","YEM",1996,"1972_1999",0,1,8.24887414638279,-2,10,30.697739012252,114.90499258292,0.215715690101882,0,0,0,0,0,0,0,1,0,1,0,0,1,1,1,0,0,1
"IDN-1997","Indonesia","IDN",1997,"1972_1999",0,1,8.67441836870026,-7,7,15.249509340819,26.411100387573,-1.00510882491006,1,1,1,1,1,0,0,0,1,1,1,0,3,3,2,2,0,1
"KOR-1997","South Korea","KOR",1997,"1972_1999",0,1,9.91366366977882,6,7,14.347738328544,9.3088067235201,-0.92832810934225,0,1,1,0,1,0,0,0,1,1,1,0,3,3,2,2,0,1
"MUS-1997","Mauritius","MUS",1997,"1972_1999",0,0,9.46047091640974,10,8,NA,NA,-0.238680065360821,0,0,0,1,0,0,0,0,0,0,1,0,1,1,1,1,0,1
"MYS-1997","Malaysia","MYS",1997,"1972_1999",0,1,9.4468871612402,3,8,21.155111855438,29.620349674502,-0.679385149863458,1,1,0,0,1,0,0,0,1,1,1,0,3,3,2,2,0,1
"NGA-1997","Nigeria","NGA",1997,"1972_1999",0,1,7.56220757611611,-6,12,13.632068797154,24.136238105349,0.402533268652598,0,0,0,1,0,0,0,1,0,0,1,0,1,1,1,1,0,1
"PHL-1997","Philippines","PHL",1997,"1972_1999",0,1,8.24032676509333,8,4,20.287029548496,56.890602165666,0.236287091641402,0,1,0,0,0,0,0,0,1,1,0,0,2,2,1,1,0,0
"TUN-1997","Tunisia","TUN",1997,"1972_1999",1,1,8.76223818557941,-3,8,24.530430039849,66.633241752936,0.395675838414366,0,0,1,0,1,0,0,0,0,0,0,0,0,0,0,0,0,1
"TWN-1997","Taiwan","TWN",1997,"1972_1999",0,0,10.0163720275892,9,NA,NA,NA,-0.428546631841871,0,0,0,0,0,0,1,0,1,0,1,0,2,2,2,2,0,NA
"VNM-1997","Vietnam","VNM",1997,"1972_1999",0,0,7.75063470674226,-7,7,NA,NA,0.0566687282644397,0,0,0,0,0,1,0,0,0,1,0,0,1,1,1,0,0,1
"BRA-1998","Brazil","BRA",1998,"1972_1999",1,1,9.14952254712224,8,6,40.9004316236,38.900001525879,-0.0251546636400067,0,0,0,1,0,0,0,0,0,0,0,0,0,0,0,0,0,0
"COL-1998","Colombia","COL",1998,"1972_1999",0,1,9.0996850859507,7,10,17,22.200000762939,-0.50862751137344,1,1,1,1,1,1,0,0,0,1,1,0,2,2,1,1,0,1
"ECU-1998","Ecuador","ECU",1998,"1972_1999",0,1,8.87920797897944,9,14,20.605443371467,67.258363883171,-0.135563682942868,1,1,0,0,0,0,0,0,0,1,1,0,2,2,1,1,0,1
"FRA-1998","France","FRA",1998,"1972_1999",1,1,10.3202817732142,10,4,52.759399414062,59.541900634766,0.204957399146517,1,0,0,1,0,0,0,0,0,0,0,0,0,0,0,0,1,0
"HKG-1998","Hong Kong","HKG",1998,"1972_1999",0,0,NA,NA,NA,NA,NA,-0.82122809340327,0,0,1,0,0,0,0,0,1,0,0,0,1,1,1,1,0,NA
"HRV-1998","Croatia","HRV",1998,"1972_1999",0,1,9.39246133365228,-5,8,49.02350516913,21.801924959043,0.727843675061774,0,1,1,0,0,0,0,0,0,1,0,0,1,1,1,0,0,1
"IND-1998","India","IND",1998,"1972_1999",1,1,7.82963902077563,9,7,25.585717758586,68.089899399788,-0.0172912979568196,0,0,0,0,0,0,1,0,0,0,0,0,0,0,0,0,0,1
"LVA-1998","Latvia","LVA",1998,"1972_1999",1,0,9.18742986923433,8,10,NA,NA,1.24649322228209,0,1,1,1,0,0,0,0,0,0,0,0,0,0,0,0,0,1
"MOZ-1998","Mozambique","MOZ",1998,"1972_1999",1,0,7.18818128977565,5,4,NA,NA,0.0458895941922578,1,0,0,0,0,0,0,0,0,0,0,0,0,0,0,0,0,0
"RUS-1998","Russia","RUS",1998,"1972_1999",0,1,9.08402290771628,3,15,39.682792721491,135.19330212485,1.22928431065754,1,1,1,0,1,1,0,1,1,1,1,0,3,3,2,2,0,1
"UKR-1998","Ukraine","UKR",1998,"1972_1999",0,1,8.4365045184854,7,15,37.08582280478,46.53736631346,1.38084289530148,1,1,0,1,0,0,0,0,0,1,0,0,1,1,1,0,0,1
"USA-1998","United States","USA",1998,"1972_1999",1,1,10.6387999123397,10,13,34.622299194336,64.212097167969,0.0364481496029362,0,0,0,1,0,0,0,1,0,0,0,0,0,0,0,0,1,1
"VEN-1998","Venezuela","VEN",1998,"1972_1999",1,1,9.60873633243376,8,6,28.790108199987,30.655177563082,-0.295358133480792,0,0,0,0,0,0,1,0,0,0,0,0,0,0,0,0,0,0
"CHN-1999","China","CHN",1999,"1972_1999",0,1,8.36865773003315,-7,4,15.024866616567,21.862955931708,0.126666419652209,0,0,0,1,1,0,0,0,0,1,1,0,2,2,1,1,0,0
"HND-1999","Honduras","HND",1999,"1972_1999",0,1,8.11160008511665,7,7,23.320527797247,75.758277955853,-0.0619289675655643,1,1,0,0,0,0,0,0,0,0,1,0,1,1,1,1,0,1
"MNG-1999","Mongolia","MNG",1999,"1972_1999",1,1,7.87111625872203,10,7,33.202083263818,103.73056905255,0.77608093923223,0,0,1,1,1,1,0,0,0,0,0,0,0,0,0,0,0,1
"PER-1999","Peru","PER",1999,"1972_1999",0,1,8.68722839581541,-1,8,17.843042373657,41.08459854126,0.152666970912488,0,0,1,0,1,0,0,0,1,0,1,0,2,2,2,2,0,1
"ECU-2000","Ecuador","ECU",2000,"2000_2019",1,1,8.83707028725224,6,1,23.216020270761,88.194832,0.265055690151543,0,0,0,0,0,1,0,1,0,0,0,0,0,0,0,0,0,0
"NIC-2000","Nicaragua","NIC",2000,"2000_2019",0,1,7.91867486770374,8,5,20.563648223877,95.219352722168,0.654706988642368,1,0,0,0,0,0,0,0,0,1,0,0,1,1,1,0,0,0
"TUR-2000","Turkey","TUR",2000,"2000_2019",0,1,9.3193448642793,7,10,39.475560202317,51.318469371502,-0.119272974554151,1,1,1,0,0,0,0,0,1,1,1,0,3,3,2,2,0,1
"ARG-2001","Argentina","ARG",2001,"2000_2019",0,1,9.57282439946985,8,2,26.432499236749,48.006618710089,-0.528696676803206,0,1,0,1,0,1,0,0,1,1,1,0,3,3,2,2,0,0
"DEU-2001","Germany","DEU",2001,"2000_2019",1,1,10.4153311719687,10,1,47.613098144531,58.193036721994,-0.0835052779153444,1,0,1,0,0,0,0,0,0,0,0,0,0,0,0,0,1,0
"GTM-2001","Guatemala","GTM",2001,"2000_2019",0,1,8.67595128081205,8,7,13.760389769905,21.100405000057,0.0274996795170698,0,1,1,0,1,0,0,0,0,0,1,0,1,1,1,1,0,1
"JPN-2001","Japan","JPN",2001,"2000_2019",0,1,10.4106306380738,10,13,35.193986162803,145.12352867157,-0.222885353664596,0,0,0,0,0,0,1,0,1,0,0,0,1,1,1,1,1,1
"THA-2001","Thailand","THA",2001,"2000_2019",1,1,9.17233776383167,9,11,20.823764712478,57.469247556586,-0.122847990206481,0,0,0,0,1,0,0,0,0,0,0,0,0,0,0,0,0,1
"USA-2001","United States","USA",2001,"2000_2019",1,1,10.7339255922497,10,13,32.793938720979,53.146247020273,-0.167874832855722,0,1,0,0,0,0,0,0,0,0,0,0,0,0,0,0,1,1
"HND-2002","Honduras","HND",2002,"2000_2019",0,1,8.1212524818808,7,7,26.808755200751,64.247954291198,0.357445974266249,0,0,1,1,0,0,0,0,0,0,1,0,1,1,1,1,0,1
"HRV-2002","Croatia","HRV",2002,"2000_2019",1,1,9.53370426847797,8,4,50.239063826992,36.446277501724,1.0737012050412,0,1,0,0,0,0,0,0,0,0,0,0,0,0,0,0,0,0
"ISR-2002","Israel","ISR",2002,"2000_2019",1,1,10.1435794419281,6,9,55.763401031494,96.663398742676,-0.3048142950337,0,1,0,0,0,0,0,0,0,0,0,0,0,0,0,0,0,1
"MMR-2002","Myanmar","MMR",2002,"2000_2019",0,0,7.599087663796,-5,8,NA,NA,1.41328463023038,0,1,0,0,0,1,0,0,0,0,1,0,1,1,1,1,0,1
"NOR-2002","Norway","NOR",2002,"2000_2019",1,1,10.9433821611639,10,11,47.055801391602,34.012822336079,-0.0213593695759157,0,0,0,1,0,0,0,0,0,0,0,0,0,0,0,0,0,1
"PRY-2002","Paraguay","PRY",2002,"2000_2019",0,1,8.5006665557948,7,12,17.994060412918,54.529955177359,0.929578862810837,1,0,0,1,0,0,0,0,0,0,1,0,1,1,1,1,0,1
"URY-2002","Uruguay","URY",2002,"2000_2019",0,1,9.43059326937311,10,10,27.716087613508,83.638015075443,-0.390440026623827,1,0,0,1,1,1,0,0,0,1,1,0,2,2,1,1,0,1
"ZAF-2002","South Africa","ZAF",2002,"2000_2019",1,1,8.96694631883497,9,12,22.213311594416,31.800667166907,0.488449240753916,1,1,0,1,0,0,0,0,0,0,0,0,0,0,0,0,0,1
"CHN-2003","China","CHN",2003,"2000_2019",1,1,8.58356358989149,-7,4,18.227888974457,26.80032058037,0.624652445281578,0,0,1,0,0,0,0,0,0,0,0,0,0,0,0,0,0,0
"DOM-2003","Dominican Republic","DOM",2003,"2000_2019",0,1,8.89937138514387,8,8,19.01352348566,48.150230285723,0.0222355857128091,1,1,0,0,0,0,0,0,0,1,1,0,2,2,1,1,0,1
"RUS-2004","Russia","RUS",2004,"2000_2019",1,1,9.51201698001415,6,8,29.628395770436,20.827898274278,1.64745586133923,1,0,1,0,0,1,0,0,0,0,0,0,0,0,0,0,0,1
"CHN-2005","China","CHN",2005,"2000_2019",1,1,8.71071696839014,-7,4,18.266934191422,26.311660523043,0.620643622291149,0,0,1,0,0,0,0,0,0,0,0,0,0,0,0,0,0,0
"DEU-2005","Germany","DEU",2005,"2000_2019",1,1,10.4780964795219,10,1,46.909301757812,67.546311470037,0.14218994363589,0,1,0,0,0,0,0,0,0,0,0,0,0,0,0,0,1,0
"GTM-2006","Guatemala","GTM",2006,"2000_2019",0,1,8.72102870446495,8,7,14.167284671182,21.114119920814,0.121690899610722,1,0,0,1,0,0,0,0,0,0,1,0,1,1,1,1,0,1
"GBR-2007","United Kingdom","GBR",2007,"2000_2019",0,1,10.4972029631965,10,11,43.883499145508,42.956063563225,-0.460523005576344,1,1,1,1,1,0,0,0,1,1,1,1,4,4,3,3,1,1
"USA-2007","United States","USA",2007,"2000_2019",0,1,10.8295278030228,10,13,34.554412145707,64.633601050141,-0.415572688137521,1,1,1,0,1,0,0,1,1,1,1,1,4,4,3,3,1,1
"ARE-2008","United Arab Emirates","ARE",2008,"2000_2019",1,1,11.0884732522369,-8,2,21.949979261044,8.9491365562944,NA,1,1,0,0,0,0,0,0,0,0,0,0,0,0,0,0,0,0
"ARG-2008","Argentina","ARG",2008,"2000_2019",1,1,9.79210580112274,8,8,30.762347750458,53.813851619113,-0.11759063164275,0,1,0,0,0,0,0,0,0,0,0,0,0,0,0,0,0,1
"AUS-2008","Australia","AUS",2008,"2000_2019",1,1,10.6927078899412,10,13,36.076099395752,11.748652026395,-0.326922909726698,1,1,0,0,0,0,0,0,0,0,0,0,0,0,0,0,0,1
"AUT-2008","Austria","AUT",2008,"2000_2019",0,1,10.6042376153018,10,1,49.335399627686,68.41735773087,-0.323604424941727,1,1,1,0,1,0,0,0,1,1,1,0,3,3,2,2,0,0
"AZE-2008","Azerbaijan","AZE",2008,"2000_2019",1,1,9.44931772835774,-7,4,31.439017736415,3.2207651862865,0.254724976904621,0,0,1,0,0,0,0,0,0,0,0,0,0,0,0,0,0,0
"BEL-2008","Belgium, Netherlands, Luxemburg","BEL",2008,"2000_2019",0,1,10.5475199403655,8,1,49.899700164795,93.160043440931,-0.351792272106702,1,0,1,0,1,0,0,0,1,1,1,0,3,3,2,2,0,0
"BRA-2008","Brazil","BRA",2008,"2000_2019",1,1,9.43348443529026,8,12,37.411729725481,62.334232203288,0.131963002627902,1,1,1,0,0,1,0,0,0,0,0,0,0,0,0,0,0,1
"CAN-2008","Canada","CAN",2008,"2000_2019",1,1,10.6408158442615,10,12,38.775383348994,67.886008855544,-0.400658226932183,1,1,0,0,1,0,0,0,1,0,0,0,1,1,1,1,0,1
"CHE-2008","Switzerland","CHE",2008,"2000_2019",0,1,10.9061310057005,10,11,32.373901367188,44.818138909571,-0.245518826842672,1,1,1,0,1,0,0,0,1,1,1,1,4,4,3,3,0,1
"CHN-2008","China","CHN",2008,"2000_2019",1,1,8.9740752202699,-7,5,22.525212030916,27.158797609575,0.0130055750170541,0,0,1,0,0,0,0,0,0,0,0,0,0,0,0,0,0,0
"COL-2008","Colombia","COL",2008,"2000_2019",1,1,9.268826699859,7,12,28.428792812302,32.382419070311,0.054733949457678,1,1,0,0,0,1,0,0,0,0,0,0,0,0,0,0,0,1
"CYP-2008","Cyprus","CYP",2008,"2000_2019",1,1,10.2438805251599,10,1,38.218058244256,44.126125746991,-0.676940484641523,1,0,0,0,0,0,0,0,0,0,0,0,0,0,0,0,0,0
"DEU-2008","Germany","DEU",2008,"2000_2019",0,1,10.590420633007,10,1,44.0452003479,65.681624510601,-0.175505030490383,1,1,1,0,1,0,0,0,1,1,1,1,4,4,3,3,1,0
"DNK-2008","Denmark","DNK",2008,"2000_2019",0,1,10.702827949962,10,2,51.900100708008,33.3132,-0.528807845201274,1,0,1,1,0,0,0,0,1,1,1,0,3,3,2,2,0,0
"ESP-2008","Spain","ESP",2008,"2000_2019",0,1,10.3962133512749,10,1,41.457000732422,39.712003882687,-0.660499462236935,1,1,1,1,1,0,0,0,1,1,1,1,4,4,3,3,1,0
"EST-2008","Estonia","EST",2008,"2000_2019",1,1,10.1726697412777,9,2,39.451031317114,4.5095489428074,-1.51556229632056,0,1,0,0,0,0,0,0,0,0,0,0,0,0,0,0,0,0
"EUU-2008","Eurozone","EUU",2008,"2000_2019",1,0,NA,NA,NA,NA,NA,NA,0,1,0,0,0,0,0,0,0,0,0,0,0,0,0,0,0,NA
"FIN-2008","Finland","FIN",2008,"2000_2019",1,1,10.5965978674165,10,1,47.88,32.560677425167,-0.770129589327675,1,0,0,0,0,0,0,0,0,0,0,0,0,0,0,0,0,0
"FRA-2008","France","FRA",2008,"2000_2019",0,1,10.5144937971387,10,1,53.280899047852,68.208396911621,-0.330725773926026,1,1,1,0,0,0,0,0,1,1,1,1,4,4,3,3,1,0
"G-2008","All member states",NA,2008,"2000_2019",1,0,NA,NA,NA,NA,NA,NA,0,0,0,0,0,1,0,0,0,0,0,0,0,0,0,0,0,NA
"GRC-2008","Greece","GRC",2008,"2000_2019",0,1,10.2689260302936,10,1,51.278193608615,110.34682514545,-1.07369745606355,1,1,1,0,0,0,0,0,1,1,1,0,3,3,2,2,0,0
"HKG-2008","Hong Kong","HKG",2008,"2000_2019",1,0,NA,NA,NA,NA,NA,-0.22711344094028,0,1,0,0,0,0,0,1,0,0,0,0,0,0,0,0,0,NA
"HUN-2008","Hungary","HUN",2008,"2000_2019",0,1,9.89160678994802,10,10,48.803423843565,71.218620906175,-0.71709141833515,1,1,1,0,0,0,0,0,1,1,1,0,3,3,2,2,0,1
"IDN-2008","Indonesia","IDN",2008,"2000_2019",1,1,8.87588993813362,8,8,19.394001295323,30.252037460226,0.398118237837776,1,1,1,1,0,0,0,0,0,0,0,0,0,0,0,0,0,1
"IND-2008","India","IND",2008,"2000_2019",1,1,8.26119036403388,9,8,28.690039360149,72.836599972292,0.168458707403469,0,1,0,0,0,1,0,0,0,0,0,0,0,0,0,0,0,1
"IRL-2008","Ireland","IRL",2008,"2000_2019",0,1,10.865176632393,10,1,42.790599822998,42.513735897011,-1.44096184651269,1,1,1,0,1,0,0,0,1,1,0,0,2,2,1,1,0,0
"ISL-2008","Iceland","ISL",2008,"2000_2019",0,0,NA,NA,NA,NA,NA,-0.863208474088176,1,0,1,1,1,0,0,0,1,1,0,0,2,2,1,1,0,NA
"ITA-2008","Italy","ITA",2008,"2000_2019",0,1,10.499868703807,10,1,48.602100372314,106.16401426636,-0.517364862917009,1,1,1,0,0,0,0,0,1,1,0,1,3,3,2,2,1,0
"JPN-2008","Japan","JPN",2008,"2000_2019",1,1,10.4882895677995,10,13,34.107272161657,180.71471957119,-0.283874191883318,0,1,0,0,0,1,0,0,0,0,0,0,0,0,0,0,1,1
"KAZ-2008","Kazakhstan","KAZ",2008,"2000_2019",0,0,9.80813566086188,-6,7,NA,NA,-0.0998105606758681,0,0,1,0,0,0,0,0,0,1,0,0,1,1,1,0,0,1
"KOR-2008","South Korea","KOR",2008,"2000_2019",1,1,10.2994600951339,8,11,19.908703357758,25.809713705383,-0.418829723549898,1,1,1,0,0,0,0,0,0,0,0,0,0,0,0,0,0,1
"KWT-2008","Kuwait","KWT",2008,"2000_2019",1,1,11.1995408404442,-7,4,40.395732689211,5.3760998288734,-2.09882317631504,1,0,1,0,0,0,0,0,0,0,0,0,0,0,0,0,0,0
"LUX-2008","Luxemburg","LUX",2008,"2000_2019",0,1,10.9745522242564,10,1,37.926897544589,14.634987602975,-0.795168998430817,1,0,0,1,0,0,0,0,1,1,0,0,2,2,1,1,0,0
"LVA-2008","Latvia","LVA",2008,"2000_2019",1,0,9.95429313676241,8,11,NA,NA,-1.47512739626007,1,0,1,1,1,0,0,0,0,1,0,0,1,1,0,0,0,1
"MEX-2008","Mexico","MEX",2008,"2000_2019",1,1,9.59456332115951,8,12,27.733164688774,42.491122840779,-0.309338890800054,0,1,0,0,0,0,0,0,0,0,0,0,0,0,0,0,0,1
"MNG-2008","Mongolia","MNG",2008,"2000_2019",0,1,8.73175429062443,10,7,37.62868202578,38.559303,0.348900557961572,1,0,1,0,0,0,0,0,0,1,0,0,1,1,1,0,0,1
"MYS-2008","Malaysia","MYS",2008,"2000_2019",1,1,9.7532217517847,6,11,26.920012523559,39.360853833945,-0.227130831509866,1,1,0,0,0,0,0,0,0,0,0,0,0,0,0,0,0,1
"NLD-2008","Netherlands","NLD",2008,"2000_2019",0,1,10.6921437953947,10,1,46.22200012207,53.790493790154,-0.44869407768228,1,0,1,0,0,0,0,0,1,1,1,1,4,4,3,3,1,0
"NOR-2008","Norway","NOR",2008,"2000_2019",0,1,11.2236395550585,10,11,40.587501525879,47.819159361909,-0.644556853357288,0,1,1,0,0,0,0,0,1,0,0,0,1,1,1,1,0,1
"NZL-2008","New Zealand","NZL",2008,"2000_2019",1,1,10.3667321660114,10,12,38.576005151637,19.002503280723,-0.42908695320892,1,0,0,0,0,0,0,0,0,0,0,0,0,0,0,0,0,1
"PHL-2008","Philippines","PHL",2008,"2000_2019",1,1,8.55114270927486,8,10,17.884154168114,50.0100929182,0.0396781328756608,0,1,0,0,0,1,0,0,0,0,0,0,0,0,0,0,0,1
"POL-2008","Poland","POL",2008,"2000_2019",1,1,9.80186603809316,10,12,44.171919586226,46.734960065988,-0.200637718859924,1,0,0,0,0,0,0,0,0,0,0,0,0,0,0,0,0,1
"PRT-2008","Portugal","PRT",2008,"2000_2019",0,1,10.1455394490425,10,1,44.815700531006,75.6425,-0.408744519279884,1,0,1,0,1,0,0,0,1,1,1,1,4,4,3,3,0,0
"QAT-2008","Qatar","QAT",2008,"2000_2019",1,1,11.4918314472883,-10,2,23.54740605618,11.35667782833,-0.574675624300701,0,0,1,0,1,0,0,0,0,0,0,0,0,0,0,0,0,0
"ROU-2008","Romania","ROU",2008,"2000_2019",1,1,9.57629027023784,9,7,35.27139609058,12.33618593547,-0.506718557280224,0,0,0,0,0,1,0,0,0,0,0,0,0,0,0,0,0,1
"RUS-2008","Russia","RUS",2008,"2000_2019",0,1,9.90439329223006,4,8,32.01041163986,7.4462446796387,-0.170814421565664,1,1,1,0,0,0,0,0,1,1,1,0,3,3,2,2,0,1
"SAU-2008","Saudi Arabia","SAU",2008,"2000_2019",1,1,10.4932255650982,-10,4,26.679670045254,12.055999347437,0.338721889906513,0,1,0,0,0,1,0,0,0,0,0,0,0,0,0,0,0,0
"SVK-2008","Slovenia","SVK",2008,"2000_2019",0,1,9.95749924173821,10,8,36.99428201532,28.598816747484,-0.60893408814506,1,1,1,0,1,0,1,0,0,1,0,0,1,1,1,0,0,1
"SWE-2008","Sweden","SWE",2008,"2000_2019",0,1,10.654899971402,10,6,50,37.510524571302,-0.547597809061753,1,1,1,0,0,0,0,0,1,1,1,1,4,4,3,3,0,0
"THA-2008","Thailand","THA",2008,"2000_2019",1,1,9.44894101259422,4,11,19.226325815349,34.946688897869,-0.218640781850698,1,1,0,0,0,0,0,0,0,0,0,0,0,0,0,0,0,1
"TUR-2008","Turkey","TUR",2008,"2000_2019",1,1,9.68600512179779,7,12,34.191066248943,37.748147608598,-0.385837282986841,0,1,0,0,0,1,0,0,0,0,0,0,0,0,0,0,0,1
"TWN-2008","Taiwan","TWN",2008,"2000_2019",1,0,10.4562603059404,10,NA,NA,NA,-0.417597917120463,1,0,0,0,0,1,0,0,0,0,0,0,0,0,0,0,0,NA
"UKR-2008","Ukraine","UKR",2008,"2000_2019",0,1,9.2453038049896,7,4,47.112902659409,20.412977629736,-0.370609480859275,0,0,1,0,0,0,0,0,0,1,0,0,1,1,1,0,0,0
"VEN-2008","Venezuela","VEN",2008,"2000_2019",0,1,9.76342546987338,5,2,34.879413720957,20.311320336602,-0.0575171775241873,0,0,0,0,0,0,1,0,1,0,0,0,1,1,1,1,0,0
"BGR-2009","Bulgaria","BGR",2009,"2000_2019",1,1,9.59979226349373,9,2,33.771476745605,21.286176681519,-0.600895419982347,0,0,1,0,0,0,0,0,0,0,0,0,0,0,0,0,0,0
"CYP-2009","Cyprus","CYP",2009,"2000_2019",1,1,10.2659398826928,10,1,41.888570587133,52.820540280046,-0.964656176261124,0,1,1,0,0,0,0,0,0,0,0,0,0,0,0,0,0,0
"DOM-2009","Dominican Republic","DOM",2009,"2000_2019",1,1,9.23264269595517,8,7,16.248223441645,36.734168558547,-0.297034598351752,0,1,0,0,0,1,0,0,0,0,0,0,0,0,0,0,0,1
"GTM-2009","Guatemala","GTM",2009,"2000_2019",1,1,8.79553413101606,8,7,14.100238971628,23.15116592139,-0.181782918695375,0,1,0,0,0,0,0,1,0,0,0,0,0,0,0,0,0,1
"GUY-2009","Guyana","GUY",2009,"2000_2019",1,0,NA,NA,NA,25.607662151235,51.691457514412,NA,1,0,0,1,0,0,0,0,0,0,0,0,0,0,0,0,0,NA
"HND-2009","Honduras","HND",2009,"2000_2019",1,1,8.37994355754958,7,2,28.351642243638,20.472011495754,-0.266681044549434,1,0,0,0,0,1,0,0,0,0,0,0,0,0,0,0,0,0
"HRV-2009","Croatia","HRV",2009,"2000_2019",1,1,9.93872513682264,9,4,48.500337498312,48.291868540657,-1.25243641835313,0,0,1,0,0,0,0,0,0,0,0,0,0,0,0,0,0,0
"NGA-2009","Nigeria","NGA",2009,"2000_2019",0,1,8.31488122313575,4,7,15.430941473333,8.6172317553584,0.237562490973377,1,0,1,0,1,0,0,1,0,1,0,0,1,1,1,0,0,1
"TTO-2009","Trinidad Tobago","TTO",2009,"2000_2019",1,1,10.3556550564651,10,4,33.398326108277,18.068125671376,-1.12072812744556,0,0,1,1,0,0,0,0,0,0,0,0,0,0,0,0,0,0
"ESP-2010","Spain","ESP",2010,"2000_2019",1,1,10.363115369987,10,1,45.622200012207,60.515249708915,-0.549513483010658,0,1,1,0,0,0,0,0,1,0,0,0,1,1,1,1,1,0
"GRC-2010","Greece","GRC",2010,"2000_2019",0,1,10.2342254326887,10,1,52.957291499349,147.49424425764,-1.3035834683618,0,0,1,0,0,0,0,0,1,0,0,0,1,1,1,1,0,0
"IRL-2010","Ireland","IRL",2010,"2000_2019",0,1,10.7658654462223,10,1,66.822799682617,86.162779583254,-0.62340302023392,0,0,1,0,0,0,0,0,1,0,0,0,1,1,1,1,0,0
"AUT-2011","Austria","AUT",2011,"2000_2019",0,1,10.6038176068819,10,1,50.891962237601,82.178173828534,-0.181038804215163,1,0,1,0,0,0,0,0,1,0,0,0,1,1,1,1,0,0
"BEL-2011","Belgium","BEL",2011,"2000_2019",0,1,10.5384579994739,8,1,55.304414205464,103.49471231594,-0.208948160700422,1,0,1,0,0,0,0,0,1,0,0,0,1,1,1,1,0,0
"CYP-2011","Cyprus","CYP",2011,"2000_2019",0,1,10.2266611783157,10,1,42.19187904924,64.986290025299,-0.803857975800499,0,1,1,1,0,1,0,0,0,1,0,0,1,1,1,0,0,0
"DEU-2011","Germany","DEU",2011,"2000_2019",1,1,10.6239965071328,10,1,45.238420528965,79.417239638248,-0.0630167639824281,1,0,1,1,0,0,0,0,0,0,0,0,0,0,0,0,1,0
"DNK-2011","Denmark","DNK",2011,"2000_2019",0,1,10.6673819970695,10,2,56.429311683544,46.070885949837,-0.143144219458574,1,1,0,1,0,0,0,0,1,0,0,0,1,1,1,1,0,0
"EUU-2011","Eurozone","EUU",2011,"2000_2019",1,0,NA,NA,NA,NA,NA,NA,0,1,0,0,0,0,0,0,0,0,0,0,0,0,0,0,0,NA
"FRA-2011","France","FRA",2011,"2000_2019",1,1,10.493680392498,10,1,56.290684517693,87.836534654379,-0.131497002928793,1,0,0,0,0,0,0,0,0,1,0,0,1,1,0,0,1,0
"GRC-2011","Greece","GRC",2011,"2000_2019",0,1,10.1855588552668,10,1,55.120310071419,184.00096040604,-1.16306810357051,0,0,1,0,0,0,0,0,1,1,0,0,2,2,1,1,0,0
"IND-2011","India","IND",2011,"2000_2019",1,1,8.41753759394522,9,10,27.640581685902,68.647828516093,0.0641422832434639,0,0,1,0,0,0,0,0,0,0,0,0,0,0,0,0,0,1
"ITA-2011","Italy","ITA",2011,"2000_2019",0,1,10.456393390452,10,1,49.17440785659,119.69298064723,-0.357748930779953,1,0,1,0,0,0,0,0,1,0,0,0,1,1,1,1,1,0
"NLD-2011","Netherlands","NLD",2011,"2000_2019",1,1,10.6876710018309,10,1,46.835055715382,61.830773465117,-0.319731055331793,0,0,0,1,0,1,0,0,0,0,0,0,0,0,0,0,1,0
"PRT-2011","Portugal","PRT",2011,"2000_2019",0,1,10.1449881024149,10,1,50.022800605578,114.40303652208,-0.467585586959777,0,0,1,0,0,0,0,0,1,1,0,0,2,2,1,1,0,0
"TUR-2011","Turkey","TUR",2011,"2000_2019",1,1,9.71281840938758,9,12,33.123021910183,36.11125558277,0.147623035506433,0,0,0,0,0,0,0,1,0,0,0,0,0,0,0,0,0,1
"ESP-2012","Spain","ESP",2012,"2000_2019",1,1,10.360912399575,10,1,49.470710377956,89.982949357918,-0.503871585684193,0,0,1,0,0,0,0,0,1,0,0,0,1,1,1,1,1,0
"GRC-2012","Greece","GRC",2012,"2000_2019",1,1,10.1002460599056,10,1,53.700213928156,162.12007053557,-0.723731551575911,0,0,1,0,0,0,0,0,0,0,0,0,0,0,0,0,0,0
"HRV-2012","Croatia","HRV",2012,"2000_2019",1,1,9.89409356689426,9,4,48.354866957767,69.385522111939,-0.678829370450992,0,0,1,0,0,0,0,0,0,0,0,0,0,0,0,0,0,0
"LUX-2012","Luxemburg","LUX",2012,"2000_2019",1,1,10.897313234903,10,1,41.814074650412,20.855990818077,-0.221574267191223,1,0,0,1,0,0,0,0,0,0,0,0,0,0,0,0,0,0
"PRT-2012","Portugal","PRT",2012,"2000_2019",1,1,10.1319370026405,10,1,48.888839636925,129.03504310273,-0.345089420709877,0,0,1,0,0,0,0,0,0,0,0,0,0,0,0,0,0,0
"GBR-2013","United Kingdom","GBR",2013,"2000_2019",1,1,10.4683751344006,10,13,41.701358778243,84.754915219264,0.0440460908995695,0,0,0,1,0,0,0,0,0,0,0,0,0,0,0,0,1,1
"NLD-2013","Netherlands","NLD",2013,"2000_2019",1,1,10.6909671623308,10,1,46.598371142668,67.833928622799,-0.170349362375555,0,0,1,1,0,0,0,0,0,0,0,0,0,0,0,0,1,0
"SVK-2013","Slovenia","SVK",2013,"2000_2019",1,1,10.035217323214,10,1,42.631973946775,54.89555669635,-0.188243203398762,1,1,1,1,1,0,0,0,0,0,0,0,0,0,0,0,0,0
"BGR-2014","Bulgaria","BGR",2014,"2000_2019",1,1,9.64342064711732,9,2,37.079303741455,33.709506988525,-0.132317548690642,0,1,0,0,0,0,0,0,0,0,0,0,0,0,0,0,0,0
"EUU-2014","Eurozone","EUU",2014,"2000_2019",1,0,NA,NA,NA,NA,NA,NA,0,0,0,0,0,0,0,1,0,0,0,0,0,0,0,0,0,NA
"GNB-2014","Guinea-Bissau","GNB",2014,"2000_2019",0,1,7.2283884515736,6,1,22.959052390354,58.442837677037,-0.000541098803396988,0,1,0,0,0,0,0,0,0,1,0,0,1,1,1,0,0,0
"HUN-2014","Hungary","HUN",2014,"2000_2019",1,1,9.95825978838311,10,8,50.141395602944,75.253320044867,-0.0503401225649822,0,0,0,1,1,0,0,0,0,0,0,0,0,0,0,0,0,1
"MDA-2014","Moldova","MDA",2014,"2000_2019",0,1,8.59803557926034,9,8,33.391709822254,34.961120443654,0.0647410535149283,0,1,0,0,0,0,0,0,0,1,0,0,1,1,1,0,0,1
"PRT-2014","Portugal","PRT",2014,"2000_2019",0,1,10.0889707726677,10,1,51.688104906165,132.94069990991,0.215898959953259,1,0,1,1,0,0,0,0,1,0,0,0,1,1,1,1,0,0
"RUS-2014","Russia","RUS",2014,"2000_2019",1,1,10.0950991562372,4,10,34.938208607476,15.135831880754,-1.21510272175283,0,0,1,0,0,0,0,0,0,0,0,0,0,0,0,0,0,1
"UKR-2014","Ukraine","UKR",2014,"2000_2019",0,1,9.24994562656854,4,14,44.773891126074,70.316870768184,-1.34788567591639,0,1,1,1,0,1,0,0,0,1,0,0,1,1,1,0,0,1
"BRA-2015","Brazil","BRA",2015,"2000_2019",1,1,9.63285923465017,8,12,38.482039201644,72.572989639539,NA,0,1,0,0,0,0,0,0,0,0,0,0,0,0,0,0,0,1
"DEU-2015","Germany","DEU",2015,"2000_2019",1,1,10.6901706124872,10,1,44.141095374366,71.946513426168,NA,0,0,1,0,0,0,0,0,0,0,0,0,0,0,0,0,1,0
"DNK-2015","Denmark","DNK",2015,"2000_2019",1,1,10.697407239919,10,2,54.52764644296,39.773693794209,NA,0,0,0,1,0,0,0,0,0,0,0,0,0,0,0,0,0,0
"GRC-2015","Greece","GRC",2015,"2000_2019",1,1,10.014313107625,10,1,51.161485295035,179.09960395271,NA,0,1,1,1,0,0,0,0,0,0,0,0,0,0,0,0,0,0
"TUN-2015","Tunisia","TUN",2015,"2000_2019",1,1,9.30928031983109,7,8,27.444446017585,55.18344061388,NA,0,0,1,0,0,0,0,0,0,0,0,0,0,0,0,0,0,1
"AUT-2016","Austria","AUT",2016,"2000_2019",1,1,10.6284724899448,10,1,50.071315886169,82.548609091519,NA,0,0,0,1,0,0,0,0,0,0,0,0,0,0,0,0,0,0
"EUU-2016","Eurozone","EUU",2016,"2000_2019",1,0,NA,NA,NA,NA,NA,NA,0,0,0,0,0,0,0,1,0,0,0,0,0,0,0,0,0,NA
"ITA-2016","Italy","ITA",2016,"2000_2019",0,1,10.4078322202024,10,1,49.078421451763,134.78512618927,NA,1,1,1,1,1,0,0,0,1,0,0,0,1,1,1,1,1,0
"CRI-2017","Costa Rica","CRI",2017,"2000_2019",1,0,9.55378822233382,10,NA,19.249308126307,46.781761682745,NA,0,1,0,1,0,0,0,0,0,0,0,0,0,0,0,0,0,NA
"ESP-2017","Spain","ESP",2017,"2000_2019",1,0,10.3126126214758,10,NA,41.315916537779,101.85433151987,NA,0,0,0,1,0,0,0,0,0,0,0,0,0,0,0,0,1,NA
"IND-2017","India","IND",2017,"2000_2019",1,0,8.72013403541293,9,NA,26.231662594119,69.676690936512,NA,0,0,1,0,0,1,0,0,0,0,0,0,0,0,0,0,0,NA
"KAZ-2017","Kazakhstan","KAZ",2017,"2000_2019",1,0,10.0792040102779,-6,NA,NA,NA,NA,0,0,0,0,1,0,0,0,0,0,0,0,0,0,0,0,0,NA
"RUS-2017","Russia","RUS",2017,"2000_2019",1,0,10.0704839432273,4,NA,34.830154048337,14.31106446033,NA,0,0,1,0,0,0,0,0,0,0,0,0,0,0,0,0,0,NA
"CYP-2018","Cyprus","CYP",2018,"2000_2019",1,0,10.1828332285916,10,NA,42.690177534505,98.350969568818,NA,1,0,0,0,0,0,0,0,0,0,0,0,0,0,0,0,0,NA
"CHN-2019","China","CHN",2019,"2000_2019",1,0,NA,NA,NA,34.152609326373,57.244348400678,NA,1,1,1,0,0,0,0,0,0,0,0,0,0,0,0,0,0,NA
"DEU-2019","Germany","DEU",2019,"2000_2019",1,0,NA,NA,NA,44.990786753655,58.899823220836,NA,1,0,1,0,0,0,0,0,0,0,0,0,0,0,0,0,1,NA
"KEN-2019","Kenya","KEN",2019,"2000_2019",1,0,NA,NA,NA,24.399959528221,59.084645746665,NA,0,0,1,0,0,0,0,0,0,0,0,0,0,0,0,0,0,NA
